supplier,supplier_sku,ean,product_name,match_type,supplier_price_basis,case_qty,unit_cost_ex_vat,unit_cost_inc_vat,case_cost_ex_vat,case_cost_inc_vat,decision,decision_reason,risk_flags
Zappies-Price-List-2026-04-20,TY3821,5063389049461,3d Dragon Egg (4 Asst),UNIT,UNIT,1,1.75,2.1,,,REJECT,No Amazon match found,
Zappies-Price-List-2026-04-20,TY4753,35063389170630,3d Mega Fidgelets 10 Asst,UNIT,UNIT,1,1.68,2.016,,,REJECT,Invalid or missing EAN,
Zappies-Price-List-2026-04-20,NN7368,849421006822,Albus Dumbledore Bendyfig,UNIT,UNIT,1,8.91,10.692,,,REJECT,No Amazon match found,
Zappies-Price-List-2026-04-20,PRO11074,5056297241379,Alibi,UNIT,UNIT,1,2.92,3.504,,,REJECT,No Amazon match found,
Zappies-Price-List-2026-04-20,JASUVS04C,850034738208,All Might Vs All For One Clash Decks- My Hero Academia Ccg Series 4 Clash Decks,UNIT,UNIT,1,9.0,10.799999999999999,,,REJECT,No Amazon match found,
Zappies-Price-List-2026-04-20,WZK90282,634482902820,"Alrund, God Of Wisdom- Magic The Gathering Unpainted Miniatures",UNIT,UNIT,1,2.8,3.36,,,REJECT,No Amazon match found,
Zappies-Price-List-2026-04-20,AMAZON07,,Amazon Asin Labels,UNIT,UNIT,1,0.4,0.48,,,REJECT,Invalid or missing EAN,
Zappies-Price-List-2026-04-20,AMAZONRELABEL,,Amazon Carton Label For Carton Repack,UNIT,UNIT,1,0.25,0.3,,,REJECT,Invalid or missing EAN,
Zappies-Price-List-2026-04-20,AMAZONREPACK,,Amazon Carton Repack,UNIT,UNIT,1,1.8,2.16,,,REJECT,Invalid or missing EAN,
Zappies-Price-List-2026-04-20,TP-T004-T00401,6975472672540,Anita Fantasy Real,UNIT,UNIT,1,8.8,10.56,,,REJECT,No Amazon match found,
Zappies-Price-List-2026-04-20,TP-18-1801,6975472671161,Anita Fashion Week,UNIT,UNIT,1,8.8,10.56,,,REJECT,No Amazon match found,
Zappies-Price-List-2026-04-20,CZ-C007-C00701,6975472674568,Anita Mountain And Sea Have Spirit Series,UNIT,UNIT,1,8.8,10.56,,,REJECT,No Amazon match found,
Zappies-Price-List-2026-04-20,CZ-C003-C00301,6975472674117,Anmoo The Perfect World Series,UNIT,UNIT,1,8.8,10.56,,,REJECT,No Amazon match found,
Zappies-Price-List-2026-04-20,FMGANS01,603765375750,Ansagrams,UNIT,UNIT,1,3.0,3.5999999999999996,,,REJECT,No Amazon match found,
Zappies-Price-List-2026-04-20,JPG241,0703558839473,Bananya- The Card Game,UNIT,UNIT,1,3.12,3.7439999999999998,,,REJECT,No Amazon match found,
Zappies-Price-List-2026-04-20,HKR01,0194735106646,Barbie Cutie Reveal Amigos Jungla Mono Mattel,UNIT,UNIT,1,14.4,17.28,,,REJECT,No Amazon match found,
Zappies-Price-List-2026-04-20,JFV59,194735340422,Barbie Cutie Reveal Doll And Accessories Lamb,UNIT,UNIT,1,11.05,13.26,,,REJECT,No Amazon match found,
Zappies-Price-List-2026-04-20,6069100,778988508541,Batman Adventures Nightwing,UNIT,UNIT,1,9.85,11.819999999999999,,,REJECT,No Amazon match found,
Zappies-Price-List-2026-04-20,6074673,681147093386,"Batman Ninja Strike 12"" Fig- Batman",UNIT,UNIT,1,4.68,5.616,,,REJECT,No Amazon match found,
Zappies-Price-List-2026-04-20,6074675,681147093393,"Batman Ninja Strike 12"" Fig- The Joker",UNIT,UNIT,1,4.68,5.616,,,REJECT,No Amazon match found,
Zappies-Price-List-2026-04-20,6070131,681147018068,Batman Ultimate Transforming Batmobile,UNIT,UNIT,1,21.0,25.2,,,REJECT,No Amazon match found,
Zappies-Price-List-2026-04-20,BCL2683022,810059780910,Battle Spirits Saga- Expansion Set 01,UNIT,UNIT,1,9.75,11.7,,,REJECT,No Amazon match found,
Zappies-Price-List-2026-04-20,BCL2698527,810059782877,Battle Spirits Saga- Starter Deck,UNIT,UNIT,1,5.64,6.768,,,REJECT,No Amazon match found,
Zappies-Price-List-2026-04-20,PA2058,5014475020581,Bedtime Cuddles With Paddington Bear Set,UNIT,UNIT,1,13.3,15.96,,,REJECT,No Amazon match found,
Zappies-Price-List-2026-04-20,44059,6942138967890,Bestway Pop Art Pool Mat,UNIT,UNIT,1,6.95,8.34,,,REJECT,No Amazon match found,
Zappies-Price-List-2026-04-20,43251,6942138967869,Bestway Taco Pool Lounge,UNIT,UNIT,1,6.95,8.34,,,REJECT,No Amazon match found,
Zappies-Price-List-2026-04-20,F45411010,5010993929306,Betrayal House On The Hill Game (french),UNIT,UNIT,1,6.8,8.16,,,REJECT,No Amazon match found,
Zappies-Price-List-2026-04-20,G1899ES00,5010996332875,Beyblade Bbx Spinosaurus Quetzalcoatlus,UNIT,UNIT,1,8.8,10.56,,,REJECT,No Amazon match found,
Zappies-Price-List-2026-04-20,FMGBFLF01,5060959630203,Big Fish Little Fish,UNIT,UNIT,1,3.5,4.2,,,REJECT,No Amazon match found,
Zappies-Price-List-2026-04-20,CSGPROGG4143,5060506539096,Boules,UNIT,UNIT,1,3.9,4.68,,,REJECT,No Amazon match found,
Zappies-Price-List-2026-04-20,IBA-PEL10-1-FB-MIX,,Brainrot Plush Hangers 10cm,UNIT,UNIT,1,4.1,4.919999999999999,,,REJECT,Invalid or missing EAN,
Zappies-Price-List-2026-04-20,BRTC3PKB,,Brainrot Trading Card Collection X 3pk,UNIT,UNIT,1,3.44,4.128,,,REJECT,Invalid or missing EAN,
Zappies-Price-List-2026-04-20,61114,019756611149,Breyer Classics English Rider And Horse Set,UNIT,UNIT,1,10.12,12.143999999999998,,,REJECT,No Amazon match found,
Zappies-Price-List-2026-04-20,61145,019756611453,Breyer Freedom Series Jet And English Rider Charlotte,UNIT,UNIT,1,10.12,12.143999999999998,,,REJECT,No Amazon match found,
Zappies-Price-List-2026-04-20,BUB001,5050116377720,Bubble Sensory Fidget Toy,UNIT,UNIT,1,2.92,3.504,,,REJECT,No Amazon match found,
Zappies-Price-List-2026-04-20,PBG40020EN,826956400509,Century Golem: Eastern Mountains,UNIT,UNIT,1,7.15,8.58,,,REJECT,No Amazon match found,
Zappies-Price-List-2026-04-20,ZMGZM027,826956201502,Challengers Board Game Beach Cup,UNIT,UNIT,1,9.0,10.799999999999999,,,REJECT,No Amazon match found,
Zappies-Price-List-2026-04-20,80255,8005125350902,Clementoni Puzzles - Tv Shows,UNIT,UNIT,1,3.25,3.9,,,REJECT,No Amazon match found,
Zappies-Price-List-2026-04-20,PMG0102,745000582013,Combo Fighter Pack 2 (plotmaker Edition),UNIT,UNIT,1,4.68,5.616,,,REJECT,Invalid or missing EAN,
Zappies-Price-List-2026-04-20,PMG0103,745000582020,Combo Fighter Pack 3 (plotmaker Edition),UNIT,UNIT,1,4.68,5.616,,,REJECT,Invalid or missing EAN,
Zappies-Price-List-2026-04-20,6068666,0778988503843,Cool Maker Expansion Friendship Bracelets,UNIT,UNIT,1,4.12,4.944,,,REJECT,No Amazon match found,
Zappies-Price-List-2026-04-20,69252,889698692526,Cranium Big Brain Detective Game,UNIT,UNIT,1,4.25,5.1,,,REJECT,No Amazon match found,
Zappies-Price-List-2026-04-20,69250,889698692502,Cranium Hoopla,UNIT,UNIT,1,4.8,5.76,,,REJECT,No Amazon match found,
Zappies-Price-List-2026-04-20,85671,800144444810,Cuddlepets S4 Asst,UNIT,UNIT,1,5.62,6.744,,,REJECT,No Amazon match found,
Zappies-Price-List-2026-04-20,AEG1031,729220010315,Deep Dive,UNIT,UNIT,1,5.0,6.0,,,REJECT,No Amazon match found,
Zappies-Price-List-2026-04-20,NN3728,849421009441,Diamond Sword Collector Replica,UNIT,UNIT,1,66.0,79.2,,,REJECT,No Amazon match found,
Zappies-Price-List-2026-04-20,JBT53,194735265329,Disney Moana Canoe Crew Playset,UNIT,UNIT,1,8.45,10.139999999999999,,,REJECT,No Amazon match found,
Zappies-Price-List-2026-04-20,FFODONUS01,3770019647707,Donuts Board Game,UNIT,UNIT,1,6.98,8.376,,,REJECT,No Amazon match found,
Zappies-Price-List-2026-04-20,CZ-C004-C00401,6975472674230,Dora Animals Series Vinyl Plush Doll,UNIT,UNIT,1,10.0,12.0,,,REJECT,No Amazon match found,
Zappies-Price-List-2026-04-20,CZ-C462-C462001,6975472677149,Dora Shanhai - Anime Blind Boxes,UNIT,UNIT,1,10.0,12.0,,,REJECT,No Amazon match found,
Zappies-Price-List-2026-04-20,JASUVS03J,850034738109,Endeavor Play Mat- My Hero Academia Ccg,UNIT,UNIT,1,4.88,5.856,,,REJECT,No Amazon match found,
Zappies-Price-List-2026-04-20,MRTN-CORE-4,810083044323,Exploding Kittens - My Parents Might Be Martians,UNIT,UNIT,1,4.0,4.8,,,REJECT,No Amazon match found,
Zappies-Price-List-2026-04-20,BWIC-CORE-4,810083044330,Exploding Kittens - The Best Worst Ice Cream,UNIT,UNIT,1,4.0,4.8,,,REJECT,No Amazon match found,
Zappies-Price-List-2026-04-20,CSGPROFES4396,5056297201236,Festive Fun & Games,UNIT,UNIT,1,1.95,2.34,,,REJECT,No Amazon match found,
Zappies-Price-List-2026-04-20,109252298038,4006592038748,Fireman Sam Water Cannon Blaster,UNIT,UNIT,1,4.88,5.856,,,REJECT,No Amazon match found,
Zappies-Price-List-2026-04-20,JCT13,6947731057559,Fisher Price Adding Alligator,UNIT,UNIT,1,6.5,7.8,,,REJECT,No Amazon match found,
Zappies-Price-List-2026-04-20,JFF51,194735295227,Fisher Price Baby & Toddler Lnl Game,UNIT,UNIT,1,5.0,6.0,,,REJECT,No Amazon match found,
Zappies-Price-List-2026-04-20,JFD65-9633,0194735294527,Fisher Price Little People Clueless,UNIT,UNIT,1,7.95,9.54,,,REJECT,No Amazon match found,
Zappies-Price-List-2026-04-20,HNR55,194735148219,Fisher Price Poppin Dino,UNIT,UNIT,1,13.8,16.56,,,REJECT,No Amazon match found,
Zappies-Price-List-2026-04-20,HXT76,,Fisher Price Wooden Stacking Shape Sorter,UNIT,UNIT,1,10.73,12.876,,,REJECT,Invalid or missing EAN,
Zappies-Price-List-2026-04-20,55052FLX,0686141550521,Flexfigs Nightmare Before Christmas 4 Pack,UNIT,UNIT,1,7.25,8.7,,,REJECT,No Amazon match found,
Zappies-Price-List-2026-04-20,CSGFRANTIC,7640139533524,Frantic Antics,UNIT,UNIT,1,3.51,4.212,,,REJECT,No Amazon match found,
Zappies-Price-List-2026-04-20,FK92507,889698925013,Funko Bitty Asst: My Little Pony Pdq,UNIT,UNIT,1,5.75,6.8999999999999995,,,REJECT,No Amazon match found,
Zappies-Price-List-2026-04-20,FK87174,889698871747,Funko Comic Cover- Amazing Sm Vol 1 19,UNIT,UNIT,1,8.12,9.743999999999998,,,REJECT,No Amazon match found,
Zappies-Price-List-2026-04-20,FK73932,0889698739320,Funko Football Liverpool Darwin Nunez Pop,UNIT,UNIT,1,7.38,8.856,,,REJECT,No Amazon match found,
Zappies-Price-List-2026-04-20,FK84133,889698841337,Funko Pop Animation- Dc Ssi- Joker W/ch,UNIT,UNIT,1,7.39,8.867999999999999,,,REJECT,No Amazon match found,
Zappies-Price-List-2026-04-20,FK75571-H,889698755719,Funko Pop Demon Slayer Daki,UNIT,UNIT,1,4.95,5.94,,,REJECT,No Amazon match found,
Zappies-Price-List-2026-04-20,FK75572-H,889698755726,Funko Pop Demon Slayer Inosuke Hashibira,UNIT,UNIT,1,4.95,5.94,,,REJECT,No Amazon match found,
Zappies-Price-List-2026-04-20,FK75573-H,889698755733,Funko Pop Demon Slayer Tanjiro Kamado,UNIT,UNIT,1,4.95,5.94,,,REJECT,No Amazon match found,
Zappies-Price-List-2026-04-20,FK72494-H,889698724944,Funko Pop Diablo Iv Druid,UNIT,UNIT,1,4.95,5.94,,,REJECT,No Amazon match found,
Zappies-Price-List-2026-04-20,FK76532-H,889698765329,Funko Pop Diablo Vi Treasure Goblin,UNIT,UNIT,1,4.95,5.94,,,REJECT,No Amazon match found,
Zappies-Price-List-2026-04-20,FK86693,889698866934,Funko Pop Disney- P&f- Phineas,UNIT,UNIT,1,7.39,8.867999999999999,,,REJECT,No Amazon match found,
Zappies-Price-List-2026-04-20,FK86634,889698866347,Funko Pop Disney- Zootopia 2- Pop 1,UNIT,UNIT,1,7.39,8.867999999999999,,,REJECT,No Amazon match found,
Zappies-Price-List-2026-04-20,FK86635,889698866354,Funko Pop Disney- Zootopia 2- Pop 2,UNIT,UNIT,1,7.39,8.867999999999999,,,REJECT,No Amazon match found,
Zappies-Price-List-2026-04-20,FK86636,889698866361,Funko Pop Disney- Zootopia 2- Pop 3,UNIT,UNIT,1,7.39,8.867999999999999,,,REJECT,No Amazon match found,
Zappies-Price-List-2026-04-20,FK72235,889698722353,Funko Pop Football- Barcelona- Gavi,UNIT,UNIT,1,7.38,8.856,,,REJECT,No Amazon match found,
Zappies-Price-List-2026-04-20,FK72237,889698722377,Funko Pop Football- Barcelona- Pedri,UNIT,UNIT,1,7.38,8.856,,,REJECT,No Amazon match found,
Zappies-Price-List-2026-04-20,FK69081-H,889698690812,Funko Pop Games- Pokemon- Scorbunny,UNIT,UNIT,1,4.8,5.76,,,REJECT,No Amazon match found,
Zappies-Price-List-2026-04-20,FK65610,889698656108,Funko Pop House Of The Dragon -  Otto Hightower,UNIT,UNIT,1,7.91,9.491999999999999,,,REJECT,No Amazon match found,
Zappies-Price-List-2026-04-20,FK81066,889698810661,Funko Pop Icons- Bruce Lee,UNIT,UNIT,1,7.39,8.867999999999999,,,REJECT,No Amazon match found,
Zappies-Price-List-2026-04-20,FK76538-H,889698765381,Funko Pop Keychain Star Wars Morgan Elsb,UNIT,UNIT,1,1.8,2.16,,,REJECT,No Amazon match found,
Zappies-Price-List-2026-04-20,FK60917-H,889698609173,Funko Pop Marvel Dr Strange M.o.m. Ass2,UNIT,UNIT,1,4.95,5.94,,,REJECT,No Amazon match found,
Zappies-Price-List-2026-04-20,FK72169-H,889698721691,Funko Pop Marvel Loki Season 2,UNIT,UNIT,1,4.95,5.94,,,REJECT,No Amazon match found,
Zappies-Price-List-2026-04-20,FK80039,889698800396,Funko Pop Movies- Home Alone 2- Harry,UNIT,UNIT,1,7.39,8.867999999999999,,,REJECT,No Amazon match found,
Zappies-Price-List-2026-04-20,FK80041,889698800419,Funko Pop Movies- Home Alone 2- Marv,UNIT,UNIT,1,7.39,8.867999999999999,,,REJECT,No Amazon match found,
Zappies-Price-List-2026-04-20,FK65650,889698656504,Funko Pop Movies- Hp Cos 20th- Dobby,UNIT,UNIT,1,7.39,8.867999999999999,,,REJECT,No Amazon match found,
Zappies-Price-List-2026-04-20,FK86262,889698862622,Funko Pop Movies- Love Actually- Mark,UNIT,UNIT,1,7.39,8.867999999999999,,,REJECT,No Amazon match found,
Zappies-Price-List-2026-04-20,FK86251,889698862516,Funko Pop Movies- Species- Sil,UNIT,UNIT,1,7.39,8.867999999999999,,,REJECT,No Amazon match found,
Zappies-Price-List-2026-04-20,FK75973,889698759731,Funko Pop Movies- Two- Cowardly Lion W/ch,UNIT,UNIT,1,3.95,4.74,,,REJECT,No Amazon match found,
Zappies-Price-List-2026-04-20,FK86671,889698866712,Funko Pop Movies- Wicked Pt2- Pop 1,UNIT,UNIT,1,7.39,8.867999999999999,,,REJECT,No Amazon match found,
Zappies-Price-List-2026-04-20,FK86672,889698866729,Funko Pop Movies- Wicked Pt2- Pop 2,UNIT,UNIT,1,7.39,8.867999999999999,,,REJECT,No Amazon match found,
Zappies-Price-List-2026-04-20,FK86673,889698866736,Funko Pop Movies- Wicked Pt2- Pop 3,UNIT,UNIT,1,7.39,8.867999999999999,,,REJECT,No Amazon match found,
Zappies-Price-List-2026-04-20,FK86674,889698866743,Funko Pop Movies- Wicked Pt2- Pop 4,UNIT,UNIT,1,7.39,8.867999999999999,,,REJECT,No Amazon match found,
Zappies-Price-List-2026-04-20,FK49801-H,889698498012,Funko Pop Naruto Shippuden Uzumaki Six Path Sage,UNIT,UNIT,1,4.95,5.94,,,REJECT,No Amazon match found,
Zappies-Price-List-2026-04-20,FK87228,889698872287,Funko Pop Plus- Sonic,UNIT,UNIT,1,7.39,8.867999999999999,,,REJECT,No Amazon match found,
Zappies-Price-List-2026-04-20,FK81182,889698811828,Funko Pop Plush- Httyd- Light Fury,UNIT,UNIT,1,8.2,9.839999999999998,,,REJECT,No Amazon match found,
Zappies-Price-List-2026-04-20,FK86391,889698863919,Funko Pop Premium Wwe Damian Priest Mitb,UNIT,UNIT,1,9.88,11.856,,,REJECT,No Amazon match found,
Zappies-Price-List-2026-04-20,FK68959WMT,889698689595,Funko Pop Rocks Whitney Houston,UNIT,UNIT,1,16.8,20.16,,,REJECT,No Amazon match found,
Zappies-Price-List-2026-04-20,FK76015-H,889698760157,Funko Pop Star Wars Anakin Skywalker,UNIT,UNIT,1,4.95,5.94,,,REJECT,No Amazon match found,
Zappies-Price-List-2026-04-20,FK68651-H,889698686518,Funko Pop Star Wars Krrsantan,UNIT,UNIT,1,4.95,5.94,,,REJECT,No Amazon match found,
Zappies-Price-List-2026-04-20,FK68652-H,889698686525,Funko Pop Star Wars L.skywalker+grogu,UNIT,UNIT,1,4.95,5.94,,,REJECT,No Amazon match found,
Zappies-Price-List-2026-04-20,FK79755-H,889698797559,Funko Pop Star Wars Osha Aniseya,UNIT,UNIT,1,4.95,5.94,,,REJECT,No Amazon match found,
Zappies-Price-List-2026-04-20,FK76021-H,889698760218,Funko Pop Star Wars Watto,UNIT,UNIT,1,4.95,5.94,,,REJECT,No Amazon match found,
Zappies-Price-List-2026-04-20,FK75580-TES-BLA,889698755801,Funko Pop Super- Op- Kaido Man Beast Form,UNIT,UNIT,1,12.99,15.588,,,REJECT,No Amazon match found,
Zappies-Price-List-2026-04-20,FK86669,889698866699,Funko Pop Tv- Akofsk- Pop 1,UNIT,UNIT,1,7.39,8.867999999999999,,,REJECT,No Amazon match found,
Zappies-Price-List-2026-04-20,FK86308,889698863087,Funko Pop Tv- Sp S6- Wendy Testaburger,UNIT,UNIT,1,7.39,8.867999999999999,,,REJECT,No Amazon match found,
Zappies-Price-List-2026-04-20,FK75718,889698757188,Funko Pop Tv- Ted Lasso S3- Ted Lasso,UNIT,UNIT,1,7.39,8.867999999999999,,,REJECT,No Amazon match found,
Zappies-Price-List-2026-04-20,FK86633,889698866330,Funko Pop Tv- Ugly Betty- Betty Suarez,UNIT,UNIT,1,7.39,8.867999999999999,,,REJECT,No Amazon match found,
Zappies-Price-List-2026-04-20,FK79744,889698797443,Funko Pop Tv- Wednesday S2- Pugsley,UNIT,UNIT,1,7.39,8.867999999999999,,,REJECT,No Amazon match found,
Zappies-Price-List-2026-04-20,FK86679,889698866798,Funko Pop Tv- Wednesday S2- Wednesday,UNIT,UNIT,1,7.39,8.867999999999999,,,REJECT,No Amazon match found,
Zappies-Price-List-2026-04-20,FK64194-TAL,889698641944,Funko Pop Vinyl Ba- Sabbac,UNIT,UNIT,1,2.93,3.516,,,REJECT,No Amazon match found,
Zappies-Price-List-2026-04-20,FK80295-TAL,,Funko Pop Vinyl Black Clover Magna,UNIT,UNIT,1,2.93,3.516,,,REJECT,Invalid or missing EAN,
Zappies-Price-List-2026-04-20,FK69120-TAL,889698691208,Funko Pop Vinyl Dc Shazam Fure Of The Gods,UNIT,UNIT,1,2.93,3.516,,,REJECT,No Amazon match found,
Zappies-Price-List-2026-04-20,FK76732-TAL,889698767323,Funko Pop Vinyl Star Wars Skeleton Crew Kb,UNIT,UNIT,1,2.5,3.0,,,REJECT,No Amazon match found,
Zappies-Price-List-2026-04-20,FK75604-TAL,889698756044,Funko Pop Vinyl Ygo Eg Burstinatrix,UNIT,UNIT,1,2.93,3.516,,,REJECT,No Amazon match found,
Zappies-Price-List-2026-04-20,FK76529-H,889698765299,Funko Pop Yu-gi-oh! Ojama Yellow,UNIT,UNIT,1,4.95,5.94,,,REJECT,No Amazon match found,
Zappies-Price-List-2026-04-20,FK76088-BF,889698760881,Funko Pop! Jumbo Hello Kitty 50th Anniversary,UNIT,UNIT,1,16.65,19.979999999999997,,,REJECT,No Amazon match found,
Zappies-Price-List-2026-04-20,FK72617-BF,889698726177,Funko Pop! Max Verstappen Oracle Red Bull Racing,UNIT,UNIT,1,15.6,18.72,,,REJECT,No Amazon match found,
Zappies-Price-List-2026-04-20,FK79783,889698797832,Funko Pop! Movies: Wallace And Gromit- Norbit,UNIT,UNIT,1,7.38,8.856,,,REJECT,No Amazon match found,
Zappies-Price-List-2026-04-20,FK51902-H,889698519021,Funko Pop! My Hero Academia Mirio Togata,UNIT,UNIT,1,4.95,5.94,,,REJECT,No Amazon match found,
Zappies-Price-List-2026-04-20,FK51931-H,889698519311,Funko Pop! My Hero Academia Sir Nighteye,UNIT,UNIT,1,4.95,5.94,,,REJECT,No Amazon match found,
Zappies-Price-List-2026-04-20,FK80253-H,889698802536,Funko Pop! Naruto Shisui Uchiha,UNIT,UNIT,1,4.95,5.94,,,REJECT,No Amazon match found,
Zappies-Price-List-2026-04-20,FK67933,889698679336,Funko Pop! Super: Aot War Hammer Titan - Attack On Titan,UNIT,UNIT,1,8.5,10.2,,,REJECT,No Amazon match found,
Zappies-Price-List-2026-04-20,FK44715,889698447157,Funko Tiger Woods,UNIT,UNIT,1,7.38,8.856,,,REJECT,No Amazon match found,
Zappies-Price-List-2026-04-20,FK79158,889698791588,Funko Zappies Exclusive Pop - Disney Up Russell With Sash,UNIT,UNIT,1,9.68,11.616,,,REJECT,No Amazon match found,
Zappies-Price-List-2026-04-20,F6744UU00-1,5010996160423,Furby Coral,UNIT,UNIT,1,19.8,23.76,,,REJECT,No Amazon match found,
Zappies-Price-List-2026-04-20,G10785X00,,G.i Joe - Major Bludd,UNIT,UNIT,1,9.95,11.94,,,REJECT,Invalid or missing EAN,
Zappies-Price-List-2026-04-20,G10695X00,5010996297686,G.i Joe Classified Series Frag Viper,UNIT,UNIT,1,9.24,11.088,,,REJECT,No Amazon match found,
Zappies-Price-List-2026-04-20,6065857,778988443361,Gabby's Dollhouse Games Pack,UNIT,UNIT,1,6.65,7.98,,,REJECT,No Amazon match found,
Zappies-Price-List-2026-04-20,T73427EN,5011666734272,Game Best Of Sports Mini Game,UNIT,UNIT,1,1.3,1.56,,,REJECT,No Amazon match found,
Zappies-Price-List-2026-04-20,F8815,195166247700,Game Hungry Hungry Hippos,UNIT,UNIT,1,7.8,9.36,,,REJECT,No Amazon match found,
Zappies-Price-List-2026-04-20,JGK30,194735315994,Game Uno 80th Anniversary Ruby Red,UNIT,UNIT,1,3.9,4.68,,,REJECT,No Amazon match found,
Zappies-Price-List-2026-04-20,JGM11,194735317196,Game Uno Golf,UNIT,UNIT,1,3.9,4.68,,,REJECT,No Amazon match found,
Zappies-Price-List-2026-04-20,GGS11047ML,4251715402771,Gamegenic Prime Mini Square- Sized Sleeves 53 X 53 Mm,UNIT,UNIT,1,0.6,0.72,,,REJECT,No Amazon match found,
Zappies-Price-List-2026-04-20,GGS25106ML,4251715413890,Gamegenic Star Wars- Unlimited Soft Crate- Darth Vader,UNIT,UNIT,1,3.0,3.5999999999999996,,,REJECT,No Amazon match found,
Zappies-Price-List-2026-04-20,CHX26430,,Gemini Poly 7 Set- Black- Pink/white,UNIT,UNIT,1,3.6,4.32,,,REJECT,Invalid or missing EAN,
Zappies-Price-List-2026-04-20,F12525L00,5010993853250,Ghostbusters Plasma Figures Series 2,UNIT,UNIT,1,8.8,10.56,,,REJECT,No Amazon match found,
Zappies-Price-List-2026-04-20,G12305L00,,Gi Joe Ralph Steeler Pulaski & Short Fuse,UNIT,UNIT,1,16.5,19.8,,,REJECT,Invalid or missing EAN,
Zappies-Price-List-2026-04-20,F65905L00,5010994189280,Guardians Of The Galaxy Talking Groot Mask,UNIT,UNIT,1,8.8,10.56,,,REJECT,No Amazon match found,
Zappies-Price-List-2026-04-20,NN7366,849421006808,Harry Potter Bendyfig,UNIT,UNIT,1,8.91,10.692,,,REJECT,No Amazon match found,
Zappies-Price-List-2026-04-20,130014361-1,5411068303128,Harry Potter Seek The Snitch,UNIT,UNIT,1,5.25,6.3,,,REJECT,No Amazon match found,
Zappies-Price-List-2026-04-20,HDX04,887961991888,He-man And The Masters Of The Universe Animated Lrg Fig Pk2,UNIT,UNIT,1,4.5,5.3999999999999995,,,REJECT,No Amazon match found,
Zappies-Price-List-2026-04-20,PRO11072,5056297241386,Horror At The Hotel Suite,UNIT,UNIT,1,1.3,1.56,,,REJECT,No Amazon match found,
Zappies-Price-List-2026-04-20,6066720,0778988459966,Httyd Alex And Feathers 2 Pack,UNIT,UNIT,1,11.7,14.04,,,REJECT,No Amazon match found,
Zappies-Price-List-2026-04-20,NN3724,849421009458,Illuminating Diamond Ore,UNIT,UNIT,1,36.0,43.199999999999996,,,REJECT,No Amazon match found,
Zappies-Price-List-2026-04-20,CSGIMAGPATT,736970682105,Imagination Patterns,UNIT,UNIT,1,10.95,13.139999999999999,,,REJECT,No Amazon match found,
Zappies-Price-List-2026-04-20,HCG47,,Imaginext Kingdom Castle Battle Feature,UNIT,UNIT,1,6.15,7.38,,,REJECT,Invalid or missing EAN,
Zappies-Price-List-2026-04-20,JDL07,0194735286416,Imaginext Superman Kaiju Clash,UNIT,UNIT,1,12.0,14.399999999999999,,,REJECT,No Amazon match found,
Zappies-Price-List-2026-04-20,F60745X00,5010994168001,Indiana Jones Doctor Jurgen Voller,UNIT,UNIT,1,6.8,8.16,,,REJECT,No Amazon match found,
Zappies-Price-List-2026-04-20,F60645X00,5010994164669,Indiana Jones Rene Belloq Figure,UNIT,UNIT,1,6.8,8.16,,,REJECT,No Amazon match found,
Zappies-Price-List-2026-04-20,CSGPROJL7915,5056297219705,Jack And The Beanstalk,UNIT,UNIT,1,1.95,2.34,,,REJECT,No Amazon match found,
Zappies-Price-List-2026-04-20,33784-WM2,801310337844,"Jada 1.65"" Transformers 18 Pack",UNIT,UNIT,1,12.25,14.7,,,REJECT,No Amazon match found,
Zappies-Price-List-2026-04-20,83548-W17GT,,Jada 3 Pack Hollywood Asst,UNIT,UNIT,1,4.8,5.76,,,REJECT,Invalid or missing EAN,
Zappies-Price-List-2026-04-20,JASUVSMHA005BB,850034738802,Jndaunted Raid Booster Display- My Hero Academia Ccg Series 5,UNIT,UNIT,1,32.4,38.879999999999995,,,REJECT,No Amazon match found,
Zappies-Price-List-2026-04-20,47333EU,036881473336,John Deere Barn Playset,UNIT,UNIT,1,9.75,11.7,,,REJECT,No Amazon match found,
Zappies-Price-List-2026-04-20,HVB45,0194735201471,Jurassic World Chaos Theory Chomp Chomp Mega Roar Allosaurus,UNIT,UNIT,1,7.8,9.36,,,REJECT,No Amazon match found,
Zappies-Price-List-2026-04-20,JFR25,194735303922,Jurassic World Rebirth Action Figure Set,UNIT,UNIT,1,5.2,6.24,,,REJECT,No Amazon match found,
Zappies-Price-List-2026-04-20,HRX52,6947731054398,Jurrasic World Mission Mayhem Truck Set,UNIT,UNIT,1,14.95,17.939999999999998,,,REJECT,No Amazon match found,
Zappies-Price-List-2026-04-20,JFC79-9633,194735293421,Little People Collector My Hero Academia Anime Series Special Edition,UNIT,UNIT,1,7.25,8.7,,,REJECT,No Amazon match found,
Zappies-Price-List-2026-04-20,PL009,5060023420099,Ltv Stacking Woodland Garden 10pc,UNIT,UNIT,1,4.29,5.148,,,REJECT,No Amazon match found,
Zappies-Price-List-2026-04-20,HLX92,194735122127,Magic 8 Ball Board Games Magical Encounters,UNIT,UNIT,1,14.5,17.4,,,REJECT,No Amazon match found,
Zappies-Price-List-2026-04-20,HHC60,194735063628,Mandalorian Grogu Plush,UNIT,UNIT,1,7.8,9.36,,,REJECT,No Amazon match found,
Zappies-Price-List-2026-04-20,F92985L00,5010996204936,Marvel Captain America: Brave New World Captain America Flight Mode,UNIT,UNIT,1,9.9,11.88,,,REJECT,No Amazon match found,
Zappies-Price-List-2026-04-20,F65885L00,5010994185053,Marvel Guardians Of The Galaxy Vol.3 Galactic Spaceship,UNIT,UNIT,1,13.2,15.839999999999998,,,REJECT,No Amazon match found,
Zappies-Price-List-2026-04-20,G0159,5010996222626,Marvel Legends - Marvels Falcon,UNIT,UNIT,1,8.8,10.56,,,REJECT,No Amazon match found,
Zappies-Price-List-2026-04-20,F90895L00,5010996206770,Marvel Legends Captain America (secret Empire),UNIT,UNIT,1,8.0,9.6,,,REJECT,No Amazon match found,
Zappies-Price-List-2026-04-20,F64715L00,5010994180089,Marvel Legends Goliath What If...(asst),UNIT,UNIT,1,6.8,8.16,,,REJECT,No Amazon match found,
Zappies-Price-List-2026-04-20,G15885X00,5010996290908,Marvel Legends Series Banshee,UNIT,UNIT,1,7.95,9.54,,,REJECT,No Amazon match found,
Zappies-Price-List-2026-04-20,F9082,,Marvel Legends Series Captain America Figure,UNIT,UNIT,1,10.8,12.96,,,REJECT,Invalid or missing EAN,
Zappies-Price-List-2026-04-20,G08115X00,,Marvel Legends Series Logan Action Figure,UNIT,UNIT,1,6.95,8.34,,,REJECT,Invalid or missing EAN,
Zappies-Price-List-2026-04-20,G08065X00,5010996328175,Marvel Legends Series Morph,UNIT,UNIT,1,6.95,8.34,,,REJECT,No Amazon match found,
Zappies-Price-List-2026-04-20,G08105X00,5010996328212,Marvel Legends Series Sunspot,UNIT,UNIT,1,6.95,8.34,,,REJECT,No Amazon match found,
Zappies-Price-List-2026-04-20,G08305L00,5010996285829,Marvel Legends Series The Spot Action Figure Gelb,UNIT,UNIT,1,8.35,10.02,,,REJECT,No Amazon match found,
Zappies-Price-List-2026-04-20,F90255X00,5010996197078,Marvel Legends Spider-man Retro Hallows Eve Figure,UNIT,UNIT,1,5.4,6.48,,,REJECT,No Amazon match found,
Zappies-Price-List-2026-04-20,G17015E00,5010996293602,Marvel Motormouth Deadpool Electronic Talking,UNIT,UNIT,1,11.45,13.739999999999998,,,REJECT,No Amazon match found,
Zappies-Price-List-2026-04-20,G07375L00,,Marvel Spider Man - Venonversus Web Slinging City,UNIT,UNIT,1,19.8,23.76,,,REJECT,Invalid or missing EAN,
Zappies-Price-List-2026-04-20,F78145L00,5010994181048,Marvel Stunt Squad Villiam Knockdown Asst,UNIT,UNIT,1,6.8,8.16,,,REJECT,No Amazon match found,
Zappies-Price-List-2026-04-20,GVL75,,Master Of The Univers Deluxe Figure Assortment,UNIT,UNIT,1,5.8,6.96,,,REJECT,Invalid or missing EAN,
Zappies-Price-List-2026-04-20,GWJ74,887961941883,Master Of The Universe Skeletor Skull Asst Playsets Pk6,UNIT,UNIT,1,4.0,4.8,,,REJECT,No Amazon match found,
Zappies-Price-List-2026-04-20,HDT26,194735030927,Masters Of The Univers Stridor War Horse Figure Pk2,UNIT,UNIT,1,4.8,5.76,,,REJECT,No Amazon match found,
Zappies-Price-List-2026-04-20,GNN70,0887961874907,Masters Of The Universe Origins Battle Cat Action Figure,UNIT,UNIT,1,9.1,10.92,,,REJECT,No Amazon match found,
Zappies-Price-List-2026-04-20,JBN00-9683,194735264483,Masters Of The Universe Tmnt Mekaneck,UNIT,UNIT,1,5.8,6.96,,,REJECT,No Amazon match found,
Zappies-Price-List-2026-04-20,JBN01-9683,194735264216,Masters Of The Universe Tmnt Rattlor,UNIT,UNIT,1,5.8,6.96,,,REJECT,No Amazon match found,
Zappies-Price-List-2026-04-20,9261945,4006592919450,Matt Hatter Chronicles - Villain Vault,UNIT,UNIT,1,8.0,9.6,,,REJECT,No Amazon match found,
Zappies-Price-List-2026-04-20,TM16319,787926163193,Mcfarlane - Disney Avatar Crabsuit Action Figure,UNIT,UNIT,1,6.8,8.16,,,REJECT,No Amazon match found,
Zappies-Price-List-2026-04-20,91783,778988206508,Meccano Starter Set Scooter,UNIT,UNIT,1,3.8,4.56,,,REJECT,No Amazon match found,
Zappies-Price-List-2026-04-20,HBH25,887961988895,Mega Construx 220pcs Building Blocks Set Pk2,UNIT,UNIT,1,4.5,5.3999999999999995,,,REJECT,No Amazon match found,
Zappies-Price-List-2026-04-20,42045,000772420457,Melissa And Doug Scratch Art Set Deluxe Party,UNIT,UNIT,1,3.25,3.9,,,REJECT,No Amazon match found,
Zappies-Price-List-2026-04-20,HTN270,194735194551,Minecraft Diamond Level Alex,UNIT,UNIT,1,12.35,14.819999999999999,,,REJECT,No Amazon match found,
Zappies-Price-List-2026-04-20,HTM04-1,194735193899,Minecraft Diamond Level Pig,UNIT,UNIT,1,8.8,10.56,,,REJECT,No Amazon match found,
Zappies-Price-List-2026-04-20,14415,8436605114415,Minix Stranger Things Lucas,UNIT,UNIT,1,4.5,5.3999999999999995,,,REJECT,No Amazon match found,
Zappies-Price-List-2026-04-20,13883,8436605113883,Minix Stranger Things Will,UNIT,UNIT,1,4.5,5.3999999999999995,,,REJECT,No Amazon match found,
Zappies-Price-List-2026-04-20,SPI56054,3760280560546,Miraculous Secrets Tcg Booster Display Box 1,UNIT,UNIT,1,22.5,27.0,,,REJECT,No Amazon match found,
Zappies-Price-List-2026-04-20,SPI56056,3760280560560,Miraculous Secrets Tcg Starter Display Box 1,UNIT,UNIT,1,13.5,16.2,,,REJECT,No Amazon match found,
Zappies-Price-List-2026-04-20,G00382841,195166256313,Monopoly Barbie,UNIT,UNIT,1,8.8,10.56,,,REJECT,No Amazon match found,
Zappies-Price-List-2026-04-20,F6219EU21,5010994202149,Monopoly Dungeons And Dragons Movie,UNIT,UNIT,1,12.1,14.52,,,REJECT,No Amazon match found,
Zappies-Price-List-2026-04-20,F9931102,5010996231666,Monopoly Flip Marvel,UNIT,UNIT,1,8.8,10.56,,,REJECT,No Amazon match found,
Zappies-Price-List-2026-04-20,JBG81-9633,01947352959953,Monster High Skultimate Frankie Stein,UNIT,UNIT,1,12.85,15.419999999999998,,,REJECT,Invalid or missing EAN,
Zappies-Price-List-2026-04-20,JFW90-9893,194735307586,Motu Turtles Of Grayskull Skele-shredder Figure,UNIT,UNIT,1,18.8,22.56,,,REJECT,No Amazon match found,
Zappies-Price-List-2026-04-20,6072303,681147055018,Ms Rachel Tummy Time Activity Bus,UNIT,UNIT,1,4.88,5.856,,,REJECT,No Amazon match found,
Zappies-Price-List-2026-04-20,FFONAMAQUAUS01,3770019647141,Namiji Aquamarina,UNIT,UNIT,1,6.8,8.16,,,REJECT,No Amazon match found,
Zappies-Price-List-2026-04-20,F6243EU42,5010996113382,Nerf Fortnite Dual Pack,UNIT,UNIT,1,11.2,13.44,,,REJECT,No Amazon match found,
Zappies-Price-List-2026-04-20,F6243,195166206882,Nerf Fortnite Dual Pack,UNIT,UNIT,1,11.2,13.44,,,REJECT,No Amazon match found,
Zappies-Price-List-2026-04-20,F62432212,195166206882,Nerf Fortnite Dual Pack Lp & Flint- Knock,UNIT,UNIT,1,11.2,13.44,,,REJECT,No Amazon match found,
Zappies-Price-List-2026-04-20,G3157EU40,5010996361264,Nerf Frost Fusion Blaster,UNIT,UNIT,1,11.25,13.5,,,REJECT,No Amazon match found,
Zappies-Price-List-2026-04-20,F4423ES00,5010993949038,Nerf Minecraft,UNIT,UNIT,1,11.0,13.2,,,REJECT,No Amazon match found,
Zappies-Price-List-2026-04-20,F89552210,195166266299,Nerf Minecraft Creeper And Skeleton Mob Pack,UNIT,UNIT,1,9.9,11.88,,,REJECT,No Amazon match found,
Zappies-Price-List-2026-04-20,F75972212,195166212548,Nerf Minecraft Heartstealer,UNIT,UNIT,1,15.4,18.48,,,REJECT,No Amazon match found,
Zappies-Price-List-2026-04-20,G1492210,195166286716,Nerf N Series Duo Pack,UNIT,UNIT,1,5.45,6.54,,,REJECT,No Amazon match found,
Zappies-Price-List-2026-04-20,F86332210,5010996209429,Nerf N Series Gear Up Pack,UNIT,UNIT,1,8.8,10.56,,,REJECT,No Amazon match found,
Zappies-Price-List-2026-04-20,F98402210,195166264509,Nerf N Series Triple Action Pack,UNIT,UNIT,1,11.5,13.799999999999999,,,REJECT,No Amazon match found,
Zappies-Price-List-2026-04-20,F97192210,195166246819,Nerf Tranformers Bumblebee Dart Blasters,UNIT,UNIT,1,9.25,11.1,,,REJECT,No Amazon match found,
Zappies-Price-List-2026-04-20,F8958,195166254326,Nerf Zombie Strikeout Dart Blaster 8 Darts,UNIT,UNIT,1,6.95,8.34,,,REJECT,No Amazon match found,
Zappies-Price-List-2026-04-20,BCL2667948,4549660929161,One Piece Card Game- Clear Card Case- Standard Blue,UNIT,UNIT,1,21.5,25.8,,,REJECT,No Amazon match found,
Zappies-Price-List-2026-04-20,BCL2667949,811039039950,One Piece Card Game- Clear Card Case- Standard Red,UNIT,UNIT,1,9.6,11.52,,,REJECT,No Amazon match found,
Zappies-Price-List-2026-04-20,BCL2667950,811039039967,One Piece Card Game- Clear Card Case- Standard White,UNIT,UNIT,1,9.6,11.52,,,REJECT,No Amazon match found,
Zappies-Price-List-2026-04-20,CHX25664,601982043285,Opaque 16mm D6 Pastel Pink/black Dice Block,UNIT,UNIT,1,0.78,0.9359999999999999,,,REJECT,No Amazon match found,
Zappies-Price-List-2026-04-20,F21875AA0,5010993843992,Peppa Pig Oink Along Songs,UNIT,UNIT,1,6.88,8.256,,,REJECT,No Amazon match found,
Zappies-Price-List-2026-04-20,CSG-PHOTOSYN-MOON-UK,5060377425320,Photosynthesis- Under The Moonlight- Expansion,UNIT,UNIT,1,3.8,4.56,,,REJECT,No Amazon match found,
Zappies-Price-List-2026-04-20,95231,,"Pkw- 8"" Plush (pikachu #2)",UNIT,UNIT,1,6.1,7.319999999999999,,,REJECT,Invalid or missing EAN,
Zappies-Price-List-2026-04-20,PKW3330,,Pkw- Deluxe Feature Figure (train & Play Deluxe Pikachu),UNIT,UNIT,1,15.15,18.18,,,REJECT,Invalid or missing EAN,
Zappies-Price-List-2026-04-20,21018,653569346807,Play Doh Numbers Letters Fun Mould,UNIT,UNIT,1,4.45,5.34,,,REJECT,No Amazon match found,
Zappies-Price-List-2026-04-20,F13215L00,5010993839438,Play Doh Rising Cake Oven Playset,UNIT,UNIT,1,11.45,13.739999999999998,,,REJECT,No Amazon match found,
Zappies-Price-List-2026-04-20,G05565X00-1,5010996308955,Play Doh Tmnt Ninja Turtles Cowabunga Creations,UNIT,UNIT,1,7.5,9.0,,,REJECT,No Amazon match found,
Zappies-Price-List-2026-04-20,F1528,8809699514612,Play Doh Ultimate Color Collection,UNIT,UNIT,1,10.85,13.02,,,REJECT,No Amazon match found,
Zappies-Price-List-2026-04-20,F8804-1,8809900354990,Play-doh Airline Explorer Starter Set,UNIT,UNIT,1,5.98,7.176,,,REJECT,No Amazon match found,
Zappies-Price-List-2026-04-20,F9143,8809900355041,Play-doh Fold And Go Playmat,UNIT,UNIT,1,8.8,10.56,,,REJECT,No Amazon match found,
Zappies-Price-List-2026-04-20,E8742FF11,5010994122270,Play-doh Kitchen Creations Big Grillin Playset,UNIT,UNIT,1,9.8,11.76,,,REJECT,No Amazon match found,
Zappies-Price-List-2026-04-20,F43725C02,5010994111960,Playdoh Kitchen Creations Colourful Cafe Playset,UNIT,UNIT,1,8.88,10.656,,,REJECT,No Amazon match found,
Zappies-Price-List-2026-04-20,0187253130,9321104872531,Playgro Chewy Stack & Nest Cups,UNIT,UNIT,1,2.35,2.82,,,REJECT,No Amazon match found,
Zappies-Price-List-2026-04-20,70926,4008789709261,Playmobil Dino Rise Guardian Of The Lava Mine,UNIT,UNIT,1,21.11,25.331999999999997,,,REJECT,Invalid or missing EAN,
Zappies-Price-List-2026-04-20,PKW4046,191726754800,Pokemon Carry Case Battle Ruins Playset,UNIT,UNIT,1,16.0,19.2,,,REJECT,No Amazon match found,
Zappies-Price-List-2026-04-20,PKW2704,191726426172,Pokemon Scorbunny Sleeping Plush,UNIT,UNIT,1,16.8,20.16,,,REJECT,No Amazon match found,
Zappies-Price-List-2026-04-20,SQPK00095,196566198562,Pokemon Squishmallow 50cm Eevee,UNIT,UNIT,1,15.4,18.48,,,REJECT,No Amazon match found,
Zappies-Price-List-2026-04-20,PKW4183,,Pokemon Surprise Attack Game,UNIT,UNIT,1,13.1,15.719999999999999,,,REJECT,Invalid or missing EAN,
Zappies-Price-List-2026-04-20,JCC21,0194735268122,Polly Pocket Clueless Compact,UNIT,UNIT,1,13.0,15.6,,,REJECT,No Amazon match found,
Zappies-Price-List-2026-04-20,HRD65,194735173990,Polly Pocket Disco Dance Fashion Reveal,UNIT,UNIT,1,7.3,8.76,,,REJECT,No Amazon match found,
Zappies-Price-List-2026-04-20,HRD45,194735173723,Polly Pocket Fresh Market,UNIT,UNIT,1,8.85,10.62,,,REJECT,No Amazon match found,
Zappies-Price-List-2026-04-20,HKW04-963B,,Polly Pocket Style Spinn Ass2,UNIT,UNIT,1,4.95,5.94,,,REJECT,Invalid or missing EAN,
Zappies-Price-List-2026-04-20,CHX29326,601982026905,Polyhedral 16mm D6 W/pips Dice- Bag Of 50 Asst,UNIT,UNIT,1,4.88,5.856,,,REJECT,No Amazon match found,
Zappies-Price-List-2026-04-20,F51825L00,5010994138875,Power Rangers Mighty 2 Pack,UNIT,UNIT,1,20.95,25.139999999999997,,,REJECT,No Amazon match found,
Zappies-Price-List-2026-04-20,F02925L23,5010993797615,Power Rangers Mighty Morphin Figures,UNIT,UNIT,1,12.5,15.0,,,REJECT,No Amazon match found,
Zappies-Price-List-2026-04-20,F04945L00,5010993836437,Power Rangers Pudgy,UNIT,UNIT,1,15.12,18.144,,,REJECT,No Amazon match found,
Zappies-Price-List-2026-04-20,FMGQD01,5060959630210,Quick Draw,UNIT,UNIT,1,5.6,6.72,,,REJECT,No Amazon match found,
Zappies-Price-List-2026-04-20,F60765X21,5010996151773,Raiders Of The Lost Ark Retro Indiana Jones,UNIT,UNIT,1,6.8,8.16,,,REJECT,No Amazon match found,
Zappies-Price-List-2026-04-20,BSG1001,5060703830033,Rolling In It,UNIT,UNIT,1,2.93,3.516,,,REJECT,No Amazon match found,
Zappies-Price-List-2026-04-20,FFORUNS01,3770019647721,Runemasters,UNIT,UNIT,1,7.65,9.18,,,REJECT,No Amazon match found,
Zappies-Price-List-2026-04-20,BCL2744800,810059786974,Sand Land Tactical Card Battle,UNIT,UNIT,1,13.0,15.6,,,REJECT,No Amazon match found,
Zappies-Price-List-2026-04-20,CSGSEEKFINDWORD,195130014413,Seek-a-boo Flip And Find Word Cards,UNIT,UNIT,1,3.51,4.212,,,REJECT,No Amazon match found,
Zappies-Price-List-2026-04-20,104591456Y06,4006592414566,Simba Art And Fun Magnetic Capital Letters,UNIT,UNIT,1,0.98,1.176,,,REJECT,No Amazon match found,
Zappies-Price-List-2026-04-20,SNF0381,191726797289,Snf- Deluxe Feature Vehicle- Team Spided Flip & Reveal Cruiser,UNIT,UNIT,1,13.65,16.38,,,REJECT,No Amazon match found,
Zappies-Price-List-2026-04-20,SNF0081,191726429012,Snf- Deluxe Feature Vehicles- Web Spinning Hauler,UNIT,UNIT,1,13.65,16.38,,,REJECT,No Amazon match found,
Zappies-Price-List-2026-04-20,SNF0428,,Snf- Track Set- Spidey Transforming Hauler Raceway,UNIT,UNIT,1,14.7,17.639999999999997,,,REJECT,Invalid or missing EAN,
Zappies-Price-List-2026-04-20,404794-PC1,192995404793,Sonic Jumbo Plush Tails,UNIT,UNIT,1,10.5,12.6,,,REJECT,No Amazon match found,
Zappies-Price-List-2026-04-20,WZK85013,634482850145,Spider-verse Booster Brick 10ct- Marvel Heroclix,UNIT,UNIT,1,39.78,47.736,,,REJECT,No Amazon match found,
Zappies-Price-List-2026-04-20,SNF0325,,Spidey & His Amazing Friends Marvel My Friend Hulk Plush,UNIT,UNIT,1,9.8,11.76,,,REJECT,Invalid or missing EAN,
Zappies-Price-List-2026-04-20,F1460,5010993853854,Spidey And His Amazing Friends Marvel Ultimate Web -crawler,UNIT,UNIT,1,13.65,16.38,,,REJECT,No Amazon match found,
Zappies-Price-List-2026-04-20,F94775L00,5010996234896,Spidey And His Friends Dino-web Treehouse Playset,UNIT,UNIT,1,13.25,15.899999999999999,,,REJECT,No Amazon match found,
Zappies-Price-List-2026-04-20,GXF53,887961955361,Spirit Untamed - Stables Sweeties Playset,UNIT,UNIT,1,14.5,17.4,,,REJECT,No Amazon match found,
Zappies-Price-List-2026-04-20,KAZ0005,191726717614,Spy X Spy Total Anime Action Figure Anya Forger,UNIT,UNIT,1,7.5,9.0,,,REJECT,No Amazon match found,
Zappies-Price-List-2026-04-20,SQCB00038,,"Squishmallows 12"" Care Bears- Grumpy Bear",UNIT,UNIT,1,6.98,8.376,,,REJECT,Invalid or missing EAN,
Zappies-Price-List-2026-04-20,SQFN00019,,"Squishmallows Fnaf 8"" Chica",UNIT,UNIT,1,7.9,9.48,,,REJECT,Invalid or missing EAN,
Zappies-Price-List-2026-04-20,G00165X42,5010996269577,Star Wars  Imperial Armored Com,UNIT,UNIT,1,7.8,9.36,,,REJECT,No Amazon match found,
Zappies-Price-List-2026-04-20,G15605X00,5010996309266,Star Wars Bl Nights Merrin,UNIT,UNIT,1,6.0,7.199999999999999,,,REJECT,No Amazon match found,
Zappies-Price-List-2026-04-20,G00445X0,5010996213310,Star Wars Black Series Archive Bo-katan Kryze,UNIT,UNIT,1,8.25,9.9,,,REJECT,No Amazon match found,
Zappies-Price-List-2026-04-20,G13115L00,5010996322999,Star Wars Black Series Director Orson Krennic,UNIT,UNIT,1,6.55,7.859999999999999,,,REJECT,No Amazon match found,
Zappies-Price-List-2026-04-20,F70095L00-1,5010996108258,Star Wars Black Series Echo Mercenary Gear The Bad Batch,UNIT,UNIT,1,7.65,9.18,,,REJECT,No Amazon match found,
Zappies-Price-List-2026-04-20,G15615X00,,Star Wars Black Series Han Solo New Hope Figure,UNIT,UNIT,1,8.8,10.56,,,REJECT,Invalid or missing EAN,
Zappies-Price-List-2026-04-20,G27795L00,5010996347602,Star Wars Black Series Night Trooper Halloween Edition,UNIT,UNIT,1,8.8,10.56,,,REJECT,No Amazon match found,
Zappies-Price-List-2026-04-20,F9177,5010996197290,Star Wars Black Series Sabine Wren Force Fx Lightsaber,UNIT,UNIT,1,110.0,132.0,,,REJECT,No Amazon match found,
Zappies-Price-List-2026-04-20,G06565L00,5010996312747,Star Wars Black Series Sm-33 Skeleton Crew Figure,UNIT,UNIT,1,7.8,9.36,,,REJECT,No Amazon match found,
Zappies-Price-List-2026-04-20,F99845X2,5010996222725,Star Wars Black Series Tusken Chieftain,UNIT,UNIT,1,9.25,11.1,,,REJECT,No Amazon match found,
Zappies-Price-List-2026-04-20,G27815L00,5010996342690,Star Wars Black Series Witch Of Dathomir Halloween Edition,UNIT,UNIT,1,7.9,9.48,,,REJECT,No Amazon match found,
Zappies-Price-List-2026-04-20,F92595L00,5010996204448,Star Wars Captain Enoch And Thrawns Night Troopers,UNIT,UNIT,1,18.8,22.56,,,REJECT,No Amazon match found,
Zappies-Price-List-2026-04-20,G13045S00,5010996292018,Star Wars Dragan Gera And Bx Droid,UNIT,UNIT,1,11.8,14.16,,,REJECT,No Amazon match found,
Zappies-Price-List-2026-04-20,F55465L21,5010994187934,Star Wars Figure Boba Fett,UNIT,UNIT,1,6.0,7.199999999999999,,,REJECT,No Amazon match found,
Zappies-Price-List-2026-04-20,G03075L00,5010996250759,Star Wars Lightsaber Dark Side,UNIT,UNIT,1,9.99,11.988,,,REJECT,No Amazon match found,
Zappies-Price-List-2026-04-20,G02655S00,5010996227393,Star Wars Mandalorian Action Figure Set,UNIT,UNIT,1,19.8,23.76,,,REJECT,No Amazon match found,
Zappies-Price-List-2026-04-20,F5378,5010993958368,Star Wars Mandalorian Electronic Mask,UNIT,UNIT,1,11.5,13.799999999999999,,,REJECT,No Amazon match found,
Zappies-Price-List-2026-04-20,F92605L00,5010996204424,Star Wars Mandalorian Moff Gideons Imperial Light Cruiser,UNIT,UNIT,1,19.8,23.76,,,REJECT,No Amazon match found,
Zappies-Price-List-2026-04-20,F99505L00,5010996227447,Star Wars Mandalorian N-1 Starfighter Playset,UNIT,UNIT,1,10.8,12.96,,,REJECT,No Amazon match found,
Zappies-Price-List-2026-04-20,G0012,5010996274953,Star Wars Pirate Captain Butus (port Borgo),UNIT,UNIT,1,6.8,8.16,,,REJECT,No Amazon match found,
Zappies-Price-List-2026-04-20,G03865L00-2,5010996254016,Star Wars Retro Acolyte 6 Pack,UNIT,UNIT,1,23.1,27.720000000000002,,,REJECT,No Amazon match found,
Zappies-Price-List-2026-04-20,G00175X42,5010996269584,Star Wars The Black Series Ahsoka Tano,UNIT,UNIT,1,6.8,8.16,,,REJECT,No Amazon match found,
Zappies-Price-List-2026-04-20,F68525L26,,Star Wars The Black Series Disney+ Ahsoka Figures,UNIT,UNIT,1,4.35,5.22,,,REJECT,Invalid or missing EAN,
Zappies-Price-List-2026-04-20,G1552,,Star Wars The Black Series Princess Leia Organa,UNIT,UNIT,1,8.8,10.56,,,REJECT,Invalid or missing EAN,
Zappies-Price-List-2026-04-20,F8683,5010996197276,Star Wars The Black Series Yoda Fx Lightsaber,UNIT,UNIT,1,110.0,132.0,,,REJECT,No Amazon match found,
Zappies-Price-List-2026-04-20,F5574,5010993970001,Star Wars The Vintage Collection Deluxe Incinerator Trooper & Grogu,UNIT,UNIT,1,9.25,11.1,,,REJECT,No Amazon match found,
Zappies-Price-List-2026-04-20,E6997AS00,630509870653,Star Wars The Vintage Collection The Mandalorian At-st Raider,UNIT,UNIT,1,38.5,46.199999999999996,,,REJECT,No Amazon match found,
Zappies-Price-List-2026-04-20,F92575L00,5010996223739,Star Wars The Vintage Collection- Garazeb Orrelios,UNIT,UNIT,1,10.79,12.947999999999999,,,REJECT,No Amazon match found,
Zappies-Price-List-2026-04-20,F97995X00,5010996254078,Star Wars Vintage Bo-katan Kryze,UNIT,UNIT,1,5.0,6.0,,,REJECT,No Amazon match found,
Zappies-Price-List-2026-04-20,F68785L25,5010996133700,Star Wars Vintage Figure Ass4,UNIT,UNIT,1,6.8,8.16,,,REJECT,No Amazon match found,
Zappies-Price-List-2026-04-20,89016,045557890162,"Stranger Things 6"" Hawkins Eleven Figure",UNIT,UNIT,1,9.25,11.1,,,REJECT,No Amazon match found,
Zappies-Price-List-2026-04-20,89017,045557890179,"Stranger Things 6"" Hawkins Hopper Figure",UNIT,UNIT,1,9.25,11.1,,,REJECT,No Amazon match found,
Zappies-Price-List-2026-04-20,634SER015,4895217550020,Stranger Things Capsule,UNIT,UNIT,1,8.9,10.68,,,REJECT,No Amazon match found,
Zappies-Price-List-2026-04-20,TR302000,8056379134497,Stretch Batman,UNIT,UNIT,1,8.25,9.9,,,REJECT,No Amazon match found,
Zappies-Price-List-2026-04-20,13886DSV,012914138861,Summer 4-in-1 Superseat Neutral,UNIT,UNIT,1,16.8,20.16,,,REJECT,No Amazon match found,
Zappies-Price-List-2026-04-20,SWJ0398-1,191726799160,"Swj - Deluxe Vehicle (8"" Vehicle & Figure) - Arc 170 - Series 8",UNIT,UNIT,1,13.8,16.56,,,REJECT,No Amazon match found,
Zappies-Price-List-2026-04-20,SWJ0440-1,191726820628,"Swj - Feature Vehicle (9"" Vehicle & Figure) - Dreadnaught Class - Tie Reaper Attack Lander",UNIT,UNIT,1,18.65,22.38,,,REJECT,No Amazon match found,
Zappies-Price-List-2026-04-20,0NT-83447CO,043377834472,Teenage Mutant Ninja Turtles Mutant Mayhem Chopper Cycle,UNIT,UNIT,1,8.45,10.139999999999999,,,REJECT,No Amazon match found,
Zappies-Price-List-2026-04-20,FMGBG0222,5060959630029,The Backwards Game,UNIT,UNIT,1,2.12,2.544,,,REJECT,No Amazon match found,
Zappies-Price-List-2026-04-20,HFW03,194735043576,Thomas And Friends Race For The Sodor Cup,UNIT,UNIT,1,16.2,19.439999999999998,,,REJECT,No Amazon match found,
Zappies-Price-List-2026-04-20,F91825L00,5010996194589,Transformer One 2 In1 Mask And Optimus Prime,UNIT,UNIT,1,12.25,14.7,,,REJECT,No Amazon match found,
Zappies-Price-List-2026-04-20,G10265X00-1,5010996327154,Transformers Age Of The Primes Deluxe Class Alchemist Prime,UNIT,UNIT,1,10.75,12.9,,,REJECT,No Amazon match found,
Zappies-Price-List-2026-04-20,G10255X00,5010996285447,Transformers Age Of The Primes Fugitive Waspinator,UNIT,UNIT,1,10.75,12.9,,,REJECT,No Amazon match found,
Zappies-Price-List-2026-04-20,F4225,5010993931910,Transformers Beast Wars Vintage Tigatron,UNIT,UNIT,1,6.2,7.4399999999999995,,,REJECT,No Amazon match found,
Zappies-Price-List-2026-04-20,F84385L00,5010996195821,Transformers Earthspark Combiner Series 1,UNIT,UNIT,1,9.9,11.88,,,REJECT,No Amazon match found,
Zappies-Price-List-2026-04-20,F76625L00,5010994184162,Transformers Earthspark Spin Changer Bumblebee,UNIT,UNIT,1,10.0,12.0,,,REJECT,No Amazon match found,
Zappies-Price-List-2026-04-20,E0702,5010996262585,Transformers Gen Studio Series Voyager,UNIT,UNIT,1,15.4,18.48,,,REJECT,No Amazon match found,
Zappies-Price-List-2026-04-20,F28175S00,05010993919581,Transformers Generation Tigatron,UNIT,UNIT,1,10.2,12.239999999999998,,,REJECT,Invalid or missing EAN,
Zappies-Price-List-2026-04-20,F9187SX00,,Transformers Legacy United Deluxe Class Robots In Disguise Strongarm,UNIT,UNIT,1,6.5,7.8,,,REJECT,Invalid or missing EAN,
Zappies-Price-List-2026-04-20,G02365L00,5010996254221,Transformers Legacy United Star Raider Thundertron,UNIT,UNIT,1,18.95,22.74,,,REJECT,No Amazon match found,
Zappies-Price-List-2026-04-20,F9183,5010996258533,Transformers Legacy United Voyager Metalhawk,UNIT,UNIT,1,12.5,15.0,,,REJECT,No Amazon match found,
Zappies-Price-List-2026-04-20,F92075L00,5010996215086,Transformers One Robot Battlers 2 Pack Action Figure,UNIT,UNIT,1,6.5,7.8,,,REJECT,No Amazon match found,
Zappies-Price-List-2026-04-20,F41215L00,,Transformers Roleplay Mask Asst,UNIT,UNIT,1,7.35,8.819999999999999,,,REJECT,Invalid or missing EAN,
Zappies-Price-List-2026-04-20,G0480ES00-1,5010996307910,Transformers Studio Leader Class Rise Of Beasts 116 Apelinq,UNIT,UNIT,1,19.8,23.76,,,REJECT,No Amazon match found,
Zappies-Price-List-2026-04-20,G0564AS00,5010996308016,Transformers Studio Series Tf6 Bumblebee,UNIT,UNIT,1,11.5,13.799999999999999,,,REJECT,No Amazon match found,
Zappies-Price-List-2026-04-20,F97725L00,5010996235565,Transformers Tf1 Race And Blast,UNIT,UNIT,1,12.35,14.819999999999999,,,REJECT,No Amazon match found,
Zappies-Price-List-2026-04-20,CSGPROJL6914,5056297213321,Treasure Island,UNIT,UNIT,1,1.95,2.34,,,REJECT,No Amazon match found,
Zappies-Price-List-2026-04-20,PRO4649,5056297240495,Triple Game Pack Games,UNIT,UNIT,1,6.5,7.8,,,REJECT,No Amazon match found,
Zappies-Price-List-2026-04-20,HMY49,194735135769,Uno Party,UNIT,UNIT,1,6.95,8.34,,,REJECT,No Amazon match found,
Zappies-Price-List-2026-04-20,JHH48,194735331857,Uno Zero Card Game,UNIT,UNIT,1,4.5,5.3999999999999995,,,REJECT,No Amazon match found,
Zappies-Price-List-2026-04-20,WZK90686,634482906866,Urdefhan Lasher & Death Scout,UNIT,UNIT,1,2.8,3.36,,,REJECT,No Amazon match found,
Zappies-Price-List-2026-04-20,VT233703,3417762337034,Vtech Innotab Classic Stories,UNIT,UNIT,1,3.0,3.5999999999999996,,,REJECT,No Amazon match found,
Zappies-Price-List-2026-04-20,VT231803,3417762318033,Vtech Innotab Disney Planes,UNIT,UNIT,1,3.0,3.5999999999999996,,,REJECT,No Amazon match found,
Zappies-Price-List-2026-04-20,VT230603,5054480485241,Vtech Innotab Dora,UNIT,UNIT,1,3.0,3.5999999999999996,,,REJECT,No Amazon match found,
Zappies-Price-List-2026-04-20,VT231603,5053750767155,Vtech Innotab Jake The Pirate,UNIT,UNIT,1,3.0,3.5999999999999996,,,REJECT,No Amazon match found,
Zappies-Price-List-2026-04-20,VT230403,5053750748918,Vtech Innotab Mickey Mouse Club House,UNIT,UNIT,1,1.0,1.2,,,REJECT,No Amazon match found,
Zappies-Price-List-2026-04-20,VT231703,5053750747133,Vtech Innotab Minnie Mouse,UNIT,UNIT,1,3.0,3.5999999999999996,,,REJECT,No Amazon match found,
Zappies-Price-List-2026-04-20,VT231903,5053750714784,Vtech Innotab Monster University,UNIT,UNIT,1,3.0,3.5999999999999996,,,REJECT,No Amazon match found,
Zappies-Price-List-2026-04-20,VT231303,5053750746679,Vtech Innotab Teenage Mutant Ninja Turtles,UNIT,UNIT,1,3.0,3.5999999999999996,,,REJECT,No Amazon match found,
Zappies-Price-List-2026-04-20,CSGPROPPG7917,5056297219729,Who Knows?,UNIT,UNIT,1,3.9,4.68,,,REJECT,No Amazon match found,
Zappies-Price-List-2026-04-20,NN3127,849421010171,Wicked Cowardly Lion Cub Plush,UNIT,UNIT,1,10.65,12.78,,,REJECT,No Amazon match found,
Zappies-Price-List-2026-04-20,NN3139,849421010522,Wicked Elphaba's Journal,UNIT,UNIT,1,16.65,19.979999999999997,,,REJECT,No Amazon match found,
Zappies-Price-List-2026-04-20,NN3122,849421010126,Wicked Glinda Training Wand,UNIT,UNIT,1,8.75,10.5,,,REJECT,No Amazon match found,
Zappies-Price-List-2026-04-20,NN3135,849421010539,Wicked Glinda's Journal,UNIT,UNIT,1,16.65,19.979999999999997,,,REJECT,No Amazon match found,
Zappies-Price-List-2026-04-20,JASUVS03G,850034738093,Wild Wild Pussycats Play Mat- My Hero Academia Ccg,UNIT,UNIT,1,4.88,5.856,,,REJECT,No Amazon match found,
Zappies-Price-List-2026-04-20,DIS-CL-1022-01,5055394026070,Wow Stuff Pod 4d Disney Classic Stitch,UNIT,UNIT,1,2.65,3.1799999999999997,,,REJECT,No Amazon match found,
Zappies-Price-List-2026-04-20,CZ-C460-C460001,6975472677064,Zoraa Fluffy Cabin Series Vinyl Plush Doll,UNIT,UNIT,1,10.0,12.0,,,REJECT,No Amazon match found,
