"Title","Sales Rank: 30 days avg.","Buy Box: Current","FBA Pick&Pack Fee","ASIN","Product Codes: EAN"
"Melissa & Doug 42045 Deluxe Party Favour, Arts and Crafts, Scratch Art, 4+, Gift for Boy or Girl","185561","5.82","3.11","B08R7KRZ5V","0000772420457"
"Summer 4-in-1 SuperSeat (Petrol) Seat Support, Booster Seat and Activities for Babies Ages 4 Months to 4 Years","38250","","5.48","B09TWB2TN2","0012914138861, 0012914597866"
"​Barbie Dolls and Accessories, Cutie Reveal Doll with Monkey Plush Costume & 10 Surprises Including Color Change, Jungle Series","95006","20.65","3.10","B0B6265DFF","0194735106646"
"Mattel Jurassic World: Chaos Theory Netflix - Chomp Chomp Mega Roar Allosaurus Dinosaur Toy with Sound & Stretchable Jaw Tendons, Increasing Roar Levels & Feeding Feature, Ages 4 Years & Up, HVB45","46344","10.10","3.10","B0CNYDSQNJ","0194735201471, 0194735238255"
"Polly Pocket x Clueless Collector Compact, Micro Dolls and Playset, 5 Themed Accessories Including Toy Car, Cher, Dionne, & Tai, JCC21","20040","14.99","3.31","B0D9ZR4F39","0194735268122"
"Fisher-Price Imaginext Superman Toy with Lights, Sounds, Motion & 3-inch Action Figure, 10-inch Monster with Chains, JDL07","129712","21.00","3.54","B0DPXWF8DT","0194735286416"
"Little People Collector Clueless Movie Special Edition Set for Adults & Fans, 3 Characters in Display Package (Amazon Exclusive)","379960","19.99","2.97","B0DB9NVC1L","0194735294527"
"Breyer Classics English Rider and Horse Set","219676","24.99","3.10","B0768FPMSS","0019756611149"
"BANDAI Breyer Freedom Series Jet And English Rider Charlotte Horse Model, 15cm 1:12 Scale Jet And English Rider Charlotte Horse Toy, Hand Painted Breyer Horse Toys Collectable Figures","218510","23.11","3.10","B08S7YV9ZD","0019756611453"
"Britians John Deere 24 Pc. Childs Farm Animals & Tractor Toy Playset with Red Barn (1:64 Scale) - Storage Inside Red Barn with Handle - Quality Farm, Vehicle & Animal Toys for Kids 3+ Years Old","51174","17.49","3.31","B0C9VZ5GHY","0036881473336"
"Teenage Mutant Ninja Turtles: Mutant Mayhem Chopper Cycle with exclusive Rocksteady","67206","24.39","3.10","B0CNKKSS3B","0043377834472"
"Bandai Stranger Things 6” Hawkins Figure Collection - Eleven (Yellow Outfit)","141212","17.50","2.65","B09CBB1NVG","0045557890162"
"Empire Of The Blind","","","1.70","B08BWD2S5B","0045557890162, 0727361549220"
"BANDAI Stranger Things 6"" Hawkins Hopper Figure","169898","17.50","2.69","B09CBKMQXB","0045557890179"
"Shafran Plays Schumann, Kabalevsky, Haydn and Falla","","9.77","1.67","B00000AFOV","0045557890179, 0723918102627"
"TCG Toys FleXfigs: Nightmare Before Christmas - 4 Character Pack - Articulated Action Figures, Flex It - Pose It!, Collectible Toy Miniatures, Kids Ages 3+","","18.82","3.09","B0DKFP5TPH","0686141550521"
"Bananya: The Card Game","127084","12.99","2.46","B092G4YMKW","0703558839473"
"Dreamworks Dragons Adventure Set, Alex and Feathers Figures, The Nine Realms, Kids Toys for Age 4 and Up","197074","20.92","3.48","B0B255L4RR","0778988459966"
"Cool MAKER PopStyle Bracelet Maker Expansion Pack, 50+ Gem Beads, 3 Friendship Bracelets, Bracelet-Making Kit, DIY Arts & Crafts Kids’ Toys for Girls","53091","7.14","2.69","B0CCW5WRJC","0778988503843"
"Masters of the Universe Origins Battle Cat Action Figure, He-Man's Tiger-Like Eternian Creature - MOTU , Gift for Kids Age 6 and Older - GNN70","32588","21.40","3.53","B08983KNLX","0887961874907"
"Masters of the Universe - Origins Battle Cat (GNN70)","240087","29.48","3.48","B08F6FYV5Q","0887961874907"
"Masters of the Universe Origins New for 20"" Battle Cat - Modern Design Retro Game","","","3.53","B08CL2R577","0887961874907"
"Funko POP! Football: Liverpool FC - Darwin Nunez - Collectable Vinyl Figure - Gift Idea - Official Merchandise - Toys For Kids & Adults - Model Figure for Collectors and Display","85040","12.55","2.74","B0BT3P8CNQ","0889698739320"
"Pokémon PKW02704 Scorbunny Sleeping Plush - 18 Inch Premium Plush in Sleeping Pose","52806","39.95","3.61","B0B69F969J","0191726426172, 5713396900773"
"MARVEL’S SPIDEY AND HIS AMAZING FRIENDS WEB SPINNING HAULER - 8-Inch 3-In-1 Transforming Vehicle - Toys Featuring Your Friendly Neighborhood Spideys","38541","29.99","3.54","B09792MQCD","0191726429012"
"Total Anime Spy X Family Anya Forger - 6.5-Inch Scale Figure with Swappable Faceplates, Alternate Hands, Teddy Bear, and TV Set","23054","13.79","2.74","B0CNKQTFXT","0191726717614"
"Pokémon Carry Case Battle Ruins Playset - Portable Transforming Backpack Playset with Action Features and 2-inch Pikachu Battle Figure","33785","","3.54","B0DLLL9XJJ","0191726754800"
"MARVEL Spidey and His Amazing Friends Team Spidey Flip and Reveal Cruiser - 11-Inch Double-Sided Vehicle with Lights, Sounds, and Web Blast Launchers","53219","23.99","3.54","B0DP5JBTV3","0191726797289"
"Star Wars™ Micro Galaxy Squadron ARC-170 Starfighter - 8-Inch Vehicle with Three 1-Inch Micro Figure Accessories","39925","29.40","3.31","B0DM2LG7JM","0191726799160"
"Star Wars™ Micro Galaxy Squadron TIE Reaper - 9-Inch Vehicle with Three 1-Inch Micro Figure Accessories","111341","30.95","3.53","B0DM2MTNSH","0191726820628"
"Sonic The Hedgehog Tails Jumbo Plush, 28” / 45cm Tall Plush Made of Premium Soft Material, Suggested For Ages 3+","61440","15.00","3.54","B084ZWNHDQ","0192995404793"
"Matisse Dance with Joy (Mini Masters Modern)","183397","12.98","3.59","B09CGB7J3S","0194735030927"
"Thomas & Friends Diecast Toy Train Set Race for the Sodor Cup with Thomas & Kana Engines & Track for Preschool Kids Ages 3+ Years, HFW03","49581","","4.21","B09BW3NWFC","0194735043576"
"Star Wars The Mandalorian: The Child Plush and Tablet (Baby Yoda)","766792","21.99","3.54","B0B6D1JJ2P","0194735063628"
"Mattel Games Magic 8 Ball Board Games, Magical Encounter Cooperative Board Game with Magic 8 Ball, Original for 2-4 Players, Family Game Night, HLX92","9214","17.95","3.31","B0B64DPWP6","0194735122127"
"Mattel Games UNO Party Family Card Game for Large Groups, Kids and Adults, HMY49","34782","9.97","3.09","B0B5YL33RQ","0194735135769"
"Disney Princess Toy Rapunzel Doll with Color-Changing Hair Extensions and Styling Accessories","70977","19.99","2.74","B0B2BMMDR1","0194735120437, 0194735135769"
"Fisher Price Funny Dinosaur","751514","35.00","3.54","B0BVRNBCCR","0194735148219"
"Polly Pocket Pollyville Fresh Market Playset","","23.93","3.31","B0CBNMN8JG","0194735173723"
"Polly Pocket Doll & Playset, Disco Dance Fashion Reveal Unboxing Travel Toy with 3-inch Hoodie Buddy Doll, 16 Accessories & Surprise Water Play, HRD65","29725","11.00","2.69","B0CBNP6DFX","0194735173990, 0194735186662"
"Minecraft Diamond Level Pig Action Figure with 4 Accessories, 5.5-in Collector Scale & Pixelated Design, HTM04","119314","17.72","2.74","B0CBNM1MSQ","0194735193899"
"Minecraft Diamond Level Alex Action Figure, 6+ Years","219171","21.99","3.09","B0CP4FL5FX","0194735194551"
"Masters of the Universe Origins Turtles of Grayskull Rattlor Reptile Wars Posable Action Figure, Teenage Mutant Ninja & MOTU Crossover Villain Toy, JBN41","78162","17.11","2.69","B0DB39KP52","0194735264216"
"Masters of the Universe Origins Turtles of Grayskull Mekaneck Reptile Wars Posable Action Figure, Teenage Mutant Ninja & MOTU Crossover Hero Toy","161764","","2.74","B0DB3B9CSN","0194735264483"
"Mattel Garland Moana'sCanoe Crew Playset","55643","17.80","2.74","B0CRM2PKPN","0194735265329"
"Little People Collector My Hero Academia Anime Series Special Edition Set, 4 Character Figures for Adults & Fans in Display Box","91733","16.99","3.09","B0DB9NBQVZ","0194735293421"
"Fisher-Price Baby & Toddler Toy Laugh & Learn Game Controller, Green, Musical Learning Activity for Infants Ages 6+ Months, UK English Version, JFF51","8381","11.99","2.74","B0D7WF2DQJ","0194735295227"
"Fisher-Price Imaginext Jurassic World Rebirth Action Figure Set with 1 3-inch Human, 5 Dinosaurs, Toy Launcher & Accessories, JFR25","41978","8.00","2.74","B0DMT7ZJWG","0194735303922"
"Masters of the Universe Turtles of Grayskull Skele-Shredder Action Figure","115980","36.82","3.53","B0FL9LPQMC","0194735307586"
"Mattel Games UNO Mattel 80th Ruby Red Card Game for Kids, Adults & Family Nights, Game Nights, Travel, Camping & Parties., JGK30","6","8.69","1.76","B0DC16JL91","0194735315994"
"Mattel Games UNO Golf","54919","9.49","1.76","B0DQM2LMV9","0194735317196"
"Mattel Games UNO Zero Card Game for Kid, Adult & Family Nights, Parties & Travel, Includes Deck & Scorecard, 2 to 8 Players Ages 7+ Years, JHH48","","9.06","5.16","B0DN63VD7S","0194735331857"
"Barbie Cutie Reveal Doll & Accessories, Cuddly Series Kitten with 10 Surprises Including Color Change & Mini Pet, JJP64","29884","24.00","3.09","B0FGFPG8D9","0194735340422"
"MindWare Seek-A-Boo Flip-and-Find Word Cards – Early Learning Resources for Toddlers & preschoolers – Great for Home or daycares – 40 flashcards & Parent Guide– Ages 3 Months+","","","3.10","B08JPDZKT9","0195130014413"
"Nerf Fortnite Dual Pack - 2 Fortnite Blasters, Flint-Knock & LP Dart Blasters, 6 Elite Foam Darts","","19.99","3.11","B0B1VWF3LJ","0195166206882"
"Nerf Minecraft Heartstealer Toy Sword, Blasts Darts, Includes 4 Elite Foam Darts, Design Inspired by Minecraft Sword in The Game","204764","33.00","3.77","B0B2XDBYGJ","0195166212548, 0195166218861"
"Nerf Transformers Bumblebee Dart Blaster","193588","13.99","3.77","B0CHHKXF9M","0195166246819"
"Hasbro Gaming Hungry Hungry Hippos Game for Preschoolers | Instant Marble Relaunch, Easy Set-Up & Storage| Ages 4 and Up | 2 to 4 Players | Kids Games","126416","22.80","3.26","B0C3DNT9W3","0195166247700, 5010996242587"
"Nerf Zombie Strikeout Dart Blaster, 8 Nerf Elite Darts, Foam Blade, Pull Back Priming, Outdoor Games, Ages 8+","417291","15.99","3.11","B0CCGF793G","0195166254326"
"Nerf N-Series Triple Action Pack, 3 Blasters, 12 Nerf N1 Darts, Compatible Only with Nerf N Series Blaster, Outdoor Games for Kids, Ages 8+","539192","","3.71","B0CYZF6PM1","0195166264509"
"Nerf N Series Duo Pack, Includes 2 Ward Blasters, 12 N1 Darts Compatible Only N Series Blasters, Kids Outdoor Games, Ages 8+","93696","15.99","3.77","B0D9KQZPTZ","0195166286716"
"Pokémon Pokemon Squishmallows - 50 cm Eevee - 20 inch Brown/White Stuffed Plush Toy - Official Toy for Children 2+ Years.","295039","84.29","10.35","B0F4D89RM9","0196566198562"
"Disney VTech InnoTab Software Planes","434556","5.99","1.70","B00DFT8STI","5053750747812, 3417762318033, 0705235800011"
"VTech InnoTab Learning Software - Disney Planes","","","1.76","B00GUD6HTE","3417762318033"
"VTech Innotab Classic Stories","387553","11.40","1.48","B00K854N1O","3417762337034, 5054480726504, 0795036902120"
"Fun Forge | Runemasters | Board Game | Ages 12+ | 1-4 Players | 45 Minutes Playing Time","","24.95","2.98","B0CJVN842B","3770019647721"
"Simba 109252298038 Brandman Sam Action Figure, Multi-Colour","","","3.10","B07VMSRVTM","4006592038748"
"Simba Alphabet Fridge Magnets | 31 pieces 3.2cm High Magnetic Capital Letters | Bright Vibrant Colours | Made of Durable, Safe Plastic | Ages 3+","622627","","1.73","B0009JKCVY","4006592414566"
"Smoby Simba 109261945038 Matt Mega Chronicles Pack + Pulser","582602","23.81","4.15","B00ZP49OY4","4006592919450"
"GAMEGEN!C- Prime Mini Square-Sized Sleeves 53 x 53 mm (50), Clear Colour (GGS10047ML)","394541","4.47","1.52","B084TM7TXN","4251715402771"
"Gamegenic | Star Wars Unlimited Soft Crate - Darth Vader | Trading Card Accessory","110461","7.99","2.71","B0CK2QLQSR","4251715413890"
"Bandai ONE PIECE Card Game Clear Card Case 2022 Standard Blue","","","2.95","B0BFPMMVM5","4549660929161"
"MAXX MARKETING STRANGER THINGS CAPSULE","39752","14.99","2.71","B09ZRP4VF7","4895217550020"
"Power Rangers PRG CON ITEM, Multi-coloured,F04945L1","213461","19.99","3.05","B08F2QZFR5","5010993836437"
"Hasbro Play-Doh Magnificent Taarten Oven","757419","","3.53","B0BC6SWGF1","5010993839438"
"Play-Doh Kitchen Creations Rising Cake Oven Playset for Kids 3 Years and Up with 5 Cans, Non-Toxic","26800","","3.53","B08P2RXQVT","5010993839438"
"Peppa Pig Oink-Along Songs Peppa","","14.05","3.53","B08PD2QQ1G","5010993843992"
"Ghostbusters Plasma Series Trevor Toy 15-Cm-Scale Collectible Afterlife Action Figure with Accessories, Kids Ages 4 and Up","173798","15.69","2.65","B08MVBVBCV","5010993853250"
"Ketchup on Your Cornflakes?","653616","32.35","5.02","B08P2YBZ6M","5010993853854"
"Betrayal at House on the hill - Jeu de société coopératif et horreur - Avalon Hill","","19.93","3.26","B09TRRMBVM","5010993929306"
"Hasbro Transformers Vintage Beast Wars Action Figure | Tigatron","","41.72","3.04","B09TP7B9VD","5010993931910"
"Transformers Toys Beast Wars Vintage - Tigatron Collectible Figure - Adults and Children Ages 8-12.5 cm, F4225","66538","12.74","2.74","B09RL25S4G","5010993931910"
"Nerf MicroShots Minecraft Ender Dragon Mini Blaster, Minecraft Dragon Mob Design, Includes 2 Official Nerf Elite Darts, Priming Handle, Multicolor","187969","","2.98","B0B299VGMP","5010993949038"
"Star Wars Toys The Mandalorian Electronic Mask, Kids Roleplay Toys, Accessory with Phrases and SFX, Aged 5 and Up","","","3.03","B09H1L1DXH","5010993958368"
"Hasbro STAR WARS - The Vintage Collection Deluxe Incinerator Trooper & Grogu 203768 STAR WARS - The Vintage Collection Deluxe Incinerator Trooper & Grogu,Black","290402","18.49","2.46","B09NTPSRHL","5010993970001"
"Play-Doh Kitchen Creations Big Grillin' Playset 40-Piece BBQ Toy with Non-Toxic Drizzle and 10 Colours","213948","23.78","5.02","B099ZX2HMJ","5010994122270"
"Power Rangers Lightning Collection pack 2 figurines 2022 Mighty Morphin Tenga Warriors 15 cm","","","3.04","B0C98TR3TL","5010994138875"
"Indiana Jones and the Raiders of the Lost Ark Adventure Series René Belloq (Ceremonial), 15 cm Indiana Jones Action Figures","135919","16.90","2.69","B000GHVZEW","5010994164669"
"Indiana Jones and the Dial of Destiny Adventure Series Doctor Jürgen Voller 6-inch Action Figure","166845","","2.69","B0BDJ8PB1K","5010994168001"
"Hasbro - Marvel Stunt Assortment Villain Knockdown (F78145L0)","","","2.69","B0B2HRR8KV","5010994181048"
"Mvl Stnt Sqd Hero Vs Villain DLX Fig AST","","","2.94","B0B2HTGV5D","5010994181048"
"Transformers Toys EarthSpark Spin Changer Bumblebee 20-cm Action Figure with Mo Malto 5-cm Action Figure, for Ages 6 and Up","58272","","3.09","B0B2DXBGPC","5010994184162"
"Marvel GGM VEHICLE AND FIGURE","220774","13.16","3.31","B0B292QNK5","5010994185053"
"Hasbro Figure Boba Fett Sand Dweller 15Cm","127284","17.80","2.98","B0BLCQ84JW","5010994187934"
"Marvel Guardians of the Galaxy Vol.3 Groot Role Play Mask, Talking Groot Mask, Super Hero Mask, Role Play Toys for Kids Ages 5 and Up, Marvel Toys","115169","19.82","3.06","B0B2DVTRWJ","5010994189280"
"Star Wars Jedi V Darth Sidious Figure Set","","","3.10","B000OCZCQG","5010994202149"
"Monopoly Dungeons & Dragons: Honor Among Thieves Game, Inspired by the Movie, D&D Board Game for 2-5 Players","11921","18.00","3.31","B000RG12PY","5010994202149"
"Hasbro Gaming Monopoly Dungeons & Dragons: Honor Among Thieves, Inspirado en la película D&D, Juego de Mesa Monopoly D&D para 2 a 5 Jugadores, Edades de 8 años en adelante","","","3.26","B0BFG3HD18","0195166206028, 5010994202149"
"Star Wars The Black Series Echo (Mercenary Gear), The Bad Batch 15-cm Action Figures","102723","21.99","2.98","B0C4ZXS1FL","5010996108258"
"Nerf Fortnite Dual Pack Includes 2 Fortnite Blasters and 6 Elite Darts","50540","21.99","3.11","B0BNQR5JSM","5010996113382, 5010996142986"
"Nerf Fortnite Dual Pack Includes 2 Fortnite Blasters and 6 Nerf Elite Darts","20168","21.99","3.01","B0B2RDXHZK","5010996113382, 5010996142986"
"Star Wars The Vintage Collection Moff Jerjerrod, Return of the Jedi Collectible 3.75” Figure","250864","15.00","2.46","B0BDHWZ6YY","5010996133700"
"Hasbro Indiana Jones Retro Collection. Raiders of the Lost Ark","110748","5.99","2.46","B0BCHCVHLM","5010996151773, 5010994164973"
"Furby Coral Interactive Plush Toy - English Version, 6 inch","579","27.21","3.31","B0BLR7G3LJ","5010996160423"
"Transformers One 2 in 1 Mask Optimus Prime (Orion Pax) Action Figure","50790","13.95","3.10","B0CCSQ16JZ","5010996194589"
"Transformers EarthSpark Cyber-Combiner, Figurines Terran Twitch et Robby Malto, Jouets pour Enfants 6 Ans et Plus, Figurines d'Action Transformables, pour Garçons et Filles","23064","14.99","2.74","B0CBKSCT69","5010996195821"
"Marvel Legends Series Hallows' Eve Comics Action Figure, Orange","109251","9.97","2.46","B0CFZLL9TK","5010996197078"
"Star Wars The Black Series Yoda Premium Force FX Elite Lightsaber, The Book of Boba Fett Adult Roleplay Item","31648","200.00","4.97","B0C1DBTQGW","5010996197276"
"Star Wars The Black Series Sabine Wren Force FX Elite Lightsaber, Adult Roleplay Item","32350","108.24","5.02","B0CFX4SV86","5010996197290"
"Star Wars The Vintage Collection Moff Gideon Imperial Light Cruiser Hallway, Star Wars: The Mandalorian 3.75 Inch Playset","113014","34.00","3.54","B0CQJ4272N","5010996204424"
"Star Wars Vintage Collection 3.75 Inch Basic Figure 4 Pack ""Ahsoka"" Captain Enoch & Night Troopers Movie SW Drama Star Wars Vintage Trooper Soldier Sloan [Parallel Import]","","","-","B0DDKR67MS","5010996204448"
"Star Wars The Vintage Collection Captain Enoch & Thrawn’s Night Troopers, Ahsoka 3.75 Inch Collectible Action Figure 4-Pack","30763","29.00","2.98","B0CSGRSMKY","5010996204448"
"Marvel Captain America: Brave New World Captain America Flight Mode","120324","20.00","3.10","B0CJYZZ5LJ","5010996204936"
"Marvel Legends Series Captain America Secret Empire Action Figure, Exclusive Collectible with Shield","43737","15.97","2.69","B0CWL7XZ9K","5010996206770"
"NERF N SERIES GEAR UP PACK","94628","16.59","4.72","B0CP48P4ZP","5010996209429"
"Star Wars The Black Series Archive Bo-Katan Kryze 15-cm Action Figure","89886","17.42","2.74","B0CFZ8B5PR","5010996213310"
"Transformers One Robot Battlers, Pack de 2 Figurines Optimus Prime et Megatron avec Bases de Combat, Accessoires de Bataille et Modes Convertibles, Jouets pour Enfants Dès 6 Ans","78930","","3.31","B0CCSQVJQ7","5010996215086"
"Marvel Legends Series Falcon, Captain America: Brave New World Deluxe 15-cm Action Figure, Green","7114","16.70","2.74","B0CFZCRTRL","5010996222626"
"Star Wars The Black Series Tusken Chieftain, The Book of Boba Fett 15-cm Action Figures","88576","13.99","2.69","B0CFZBWRM9","5010996222725"
"Star Wars The Vintage Collection Garazeb “Zeb” Orrelios, Rebels Deluxe 3.75 Inch Action Figure","84638","11.88","2.69","B0CWNG3CFS","5010996223739"
"Star Wars The Vintage Collection Mandalorian Shriek-Hawk, The Mandalorian 9.5-cm 4-Pack","54738","33.00","3.53","B0CQJ3DVPV","5010996227393"
"Star Wars Epic Hero Series The Mandalorian's N-1 Starfighter Set, Action Figure Toys for 4+ Year Old Boys and Girls","37144","20.99","3.31","B0CK2R4NV2","5010996227447"
"Hasbro Gaming Monopoly Flip Edition: Marvel, Strategy Board Game for 8+ Year Old Kids, for 2-4 Players, Family Games for Children and Adults","32409","15.63","3.11","B0CQ57BHNL","5010996231666"
"SPIDEY AND HIS AMAZING FRIENDS Marvel Dino-Webs Treehouse Super Hero Playset","6824","28.58","4.21","B0CQLZNPYK","5010996234896"
"Star Wars Lightsaber Forge Kyber Core Darth Vader & Darth Maul Lightsaber 2-Pack Dark Side Villains Pack","68058","17.49","3.26","B0F9FBDX1N","5010996250759"
"Star Wars Retro Collection The Acolyte Multipack, 9.5-cm Action Figure 6-Pack","108268","38.00","3.09","B0CQJ2LQXX","5010996254016"
"STAR WARS The Vintage Collection Bo-Katan Kryze (Plazir-15), The Mandalorian 3.75 Inch Collectible Action Figure, Dunkelbraun","181204","15.99","2.46","B0CRM9DDJR","5010996254078"
"Transformers Legacy United Star Raider THUNDERTRON Action Figure Set 7-inch Robot with Accessories","","32.96","3.10","B0FHG1QNH7","5010996254221"
"Transformers Legacy United Voyager Class Super-God Masterforce Metalhawk Action Figure","141533","23.49","3.09","B0CSGRQG7C","5010996258533"
"Transformers Studio Series Voyager War for Cybertron 09 Gamer Edition Ratchet Action Figure","236528","31.99","3.09","B0D94LZS37","5010996262585"
"Star Wars The Black Series Imperial Armored Commando, The Mandalorian Collectible 6 Inch Action Figure","","15.98","2.69","B0CQTN9BNW","5010996269577"
"Star Wars The Black Series Ahsoka Tano (Peridea), Ahsoka Collectible 6 Inch Action Figure","43855","13.72","2.69","B0CQTNDMDL","5010996269584"
"Star Wars The Black Series Pirate Captain Brutus (Port Borgo) Skeleton Crew 15-cm Action Figure","35759","9.89","2.69","B0CSH2HJST","5010996274953"
"Transformers Age of the Primes Deluxe Class Fugitive Waspinator Action Figure","107326","17.44","2.71","B0D9527L6H","5010996285447"
"Marvel Legends Series The Spot Action Figure, Gelb","109050","17.00","2.46","B0D952SN1W","5010996285829"
"Marvel Legends Series Banshee Action Figure, Blau","16346","23.36","2.98","B0D94YRKFL","5010996290908"
"Star Wars The Black Series Dagan Gera & BX Droid (Hybrid), Jedi: Survivor 15 cm Action Figure 2-Pack","72422","24.69","2.98","B0D951256Z","5010996292018"
"Marvel Motormouth Deadpool Electronic Superhero Toy for 14+ Year Old Kids, Teens and Adults, Talking Figure with Lights and Sounds","120676","11.99","2.74","B0CWRXZKW2","5010996293602"
"G.I. JOE Classified Series #153, Frag-Viper, Collectible 6 Inch Action Figure with 10 Accessories","131500","37.75","2.98","B0D952LZKT","5010996297686"
"Transformers Studio Series Leader Class Rise of the Beasts 118 Apelinq Action Figure","70567","24.70","3.10","B0DHZJBLNS","5010996307910"
"Transformers Studio Series Deluxe Class Bumblebee 117 Bumblebee Action Figure","74782","20.00","2.74","B0DHZJWY7L","5010996308016"
"Play-Doh Teenage Mutant Ninja Turtles Cowabunga Creations, 4 Bendy Turtle Figures with Hidden Shell Moulds, 4 Action Tools & 8 Colours (28g Each), Arts & Crafts Toy for Kids 3","5239","15.95","3.31","B0DNFSXMYL","5010996308955"
"Star Wars The Black Series Nightsister Merrin, Jedi: Survivor Premium Collectible 15-cm Action Figure","71065","14.00","2.98","B0DGJGQMHY","5010996309266"
"Star Wars The Black Series SM-33, Skeleton Crew Deluxe Collectible 6 Inch Action Figure","105507","15.89","2.74","B0DKL8Y1SF","5010996312747"
"Star Wars The Black Series Director Orson Krennic (Dress Uniform), Andor Collectible 15-cm Action Figure","204058","17.80","2.69","B0F3L6D88Y","5010996322999"
"Transformers Age of the Primes Deluxe Class The Thirteen Alchemist Prime Action Figure","37937","17.44","2.74","B0DK7ZBFVG","5010996327154"
"Marvel Legends Series Marvel's Morph Action Figure","9762","16.76","2.46","B0DK7MRRWG","5010996328175"
"Marvel Legends Series Marvel's Sunspot Action Figure","9612","17.74","2.46","B0DK7MQZT8","5010996328212"
"Beyblade X Jurassic World Collab Spinosaurus vs Quetzalcoatlus Multipack Set","354","16.87","2.46","B0DNFPT57R","5010996332875"
"SW BL Sparkly","","27.72","2.94","B0DWBLK51Y","5010996342690"
"Star Wars - The Black Series - Night Trooper (Halloween Edition) /Toys","454673","25.00","2.98","B0FRHJY3QZ","5010996347602"
"Nerf Loadout FrostFusion Blaster and 30 N1 Darts","1640","19.31","3.99","B0F8J54L4Z","5010996361264"
"Drumond Park LOGO Mini Best of Sport and Leisure Board Game, Board Game for Sports Fans, Board Games for Travelling, Family Mini Games for Adults and the whole Family, Suitable from 12 Years+","4249","6.75","2.69","B09TGCT8JZ","5011666734272"
"Rainbow Designs Bedtime Cuddles with Paddington Bear Set - Cuddleable Soft Teddy Toy & Marmalade Jar Nightlight - Calming Lullaby, Colour-Changing Moons & Stars","15914","18.80","3.61","B0CJJHXL8S","5014475020581"
"Disney VTech InnoTab Software: Monsters University","466325","10.79","1.67","B00DFT8SK2","5053750714784, 5053750747591, 0705235781709, 3417762319030"
"VTech InnoTab Software: Teenage Mutant Ninja Turtles - Turtle Power!","453471","","1.67","B00DFT8SIE","5053750746679, 0705235783758, 3417762313038"
"Innotab Software Minnie Mouse Bow-Tique","361666","7.99","1.73","B00AIYNSK2","0705235752174, 3417762317036, 5053750747133"
"Vtech Mickey Mouse Clubhouse Playset","224252","3.49","1.54","B004WINYGI","5053750748918, 5055410057309, 3417762304036, 5053750714869"
"Vtech Innotab Jake and The Neverland Pirates","406394","","1.76","B008OVO13E","5053750767155, 3417762316039, 3417762316008, 5053750749328, 0767485433388, 0885929515688, 0885444418969, 0705235805269, 5053750746518, 5053750983050, 5053750939200, 0885509792157"
"WOW! PODS 4D Disney Classic Stitch | Connectable Collectable Bobble-head character that Bursts from their World into Yours | Wall or Shelf Display | Disney Toys and Gifts | Series 1 no. 445","187171","7.51","2.69","B0BNXH7K9L","5055394026070"
"Professor Puzzle | Festive Fun & Games Multipack | Card Game | Ages 8+ | 2+ Players","472971","5.77","2.46","B07W67VHXH","5056297201236"
"Professor Puzzle | Treasure Island (252-Piece Puzzle) | Puzzle | Ages 8+ | 1+ Players","210401","6.99","2.65","B09DGT886G","5056297213321"
"Professor Puzzle | Jack and the Beanstalk (96 Piece Puzzle) | Puzzle Game | Ages 6+ | 1+ Player","301662","11.58","2.69","B0BJS27XPL","5056297219705"
"Professor Puzzle | Who Knows? | Trivia Games | Ages 12+ | 2-8 Players | 30 Minutes Playing Time","","9.29","2.42","B09ZCKX6L5","5056297219729"
"Professor Puzzle | Triple Game Pack | Guessing Game | Ages 12+ | 2+ Players","","","2.73","B0CNRWM2C6","5056297240495"
"Professor Puzzle | Alibi | Card Game | Ages 14+ | 3-8 Players | 30 Minutes Playing Time","295449","7.33","3.09","B0CNRZ47QS","5056297241379"
"Professor Puzzle | Horror at the Hotel Suite | Card Game | Ages 12+ | 4+ Players","","","2.36","B0CNRY9466","5056297241386"
"Le Toy Van - Wooden Educational Petilou My Stacking Garden Toy | Baby Sensory Montessori Toddler Learning Toy - Suitable For 12+ Months","167013","15.69","2.65","B01AAXE1NI","5060023420099, 0777904244143"
"The ElseWhere Chronicles 4: The Calling","381357","19.92","2.65","B09834BW99","5060377425320"
"Boules","192651","9.04","3.09","B07P3MXPBP","5060506539096"
"Format Games Big Fish Little Fish – Fast-Paced Family Card Game of Observation & Speed – 2–6 Players, Ages 7+, 15-Minute Rounds, Portable Travel Game","57973","9.99","2.46","B0D4ZQ2Z8Q","5060959630203"
"Format Games Quick Draw Party Game | Fast, Frantic And Hilarious Drawing Game | For Kids, Teens And Adults | Ages 8+ | 3-6 Players | 30 Minute Playtime","92352","9.99","3.09","B0D8WNBRM9","5060959630210"
"Cartamundi Harry Potter Seek The Snitch Board Game, Calling All Harry Potter Super-Fans! For 2 to 4 Players, Great Gift For Kids Aged 8+,","26464","9.99","3.11","B0B9VCWW9M","5411068303128"
"Chessex 29326 accessories.","","92.11","3.48","B07WJ1MYPG","0601982026905"
"Chessex Dice: Opaque 16mm D6 (12)","","8.38","-","B0FP7L23S6","0601982043285"
"Format Games Ansagrams Trivia Card Game | A Quick-Fire Quiz With A Wordy Twist | 3 Players + | Ages 12+ | 500 Questions | 30 Minute Play","55190","6.99","1.76","B08LKRN7NW","0603765375750"
"STAR WARS The Vintage Collection The Mandalorian at-ST Raider Toy Vehicle with Figure, Toys for Kids Ages 4 and Up","","99.99","3.54","B07TMHVMWR","0630509870653"
"Wizkids / NECA WZK90282 Accessories","","15.95","2.46","B08SMNGY4G","0634482902820"
"WizKids Pathfinder Deep Cuts: Urdefhan Death Scout & Lasher Pathfinder Battles Unpainted Miniatures","663900","9.54","3.09","B0CGBQBGK3","0634482906866"
"Play Doh Numbers,Letters' N Fun 35 Pieces","35677","10.48","3.09","B001JYEWH8","0653569346807, 7662558157174, 0630509346028"
"DC Batman, Ultimate Transforming Batmobile Playset, 2-in-1 Batman Playset with Exclusive Figure and Glider, Lights and Sounds, Kids Toys for Boys and Girls 4+","61603","","4.87","B0CSP3LZQG","0681147018068"
"Ms. Rachel Official Tummy Time Activity Bus Folding Play Mat with Baby Mirror & Sensory Toys for Interactive Play Baby Learning Toys for Boys & Girls Ages 0-1+","34146","5.66","3.59","B0CTHW5MWQ","0681147055018"
"DC Comics, Batman Ninja Strike 30cm Batman Action Figure, Super Hero Collectible Kids Toys for Boys and Girls Ages 3 and Up","10592","6.99","2.69","B0DSCJH6MX","0681147093386"
"DC Comics, Batman Ninja Strike 30cm Batman Action Figure, Super Hero Collectible Kids Toys for Boys and Girls Ages 3 and Up","10538","10.00","2.69","B0DSCGPYHJ","0681147093393"
"Bestway 1.71m x 89cm Taco Luftmatratze","558295","18.72","3.02","B07TNNP46Z","6942138967869"
"Bestway 1.83m x 71cm Pop Art Luftmatratze","414228","16.99","3.10","B07TNNP6GL","6942138967890"
"TNT SPACE Zoraa Fluffy Cabin Viny Plush Blind Box, Assorted","","19.99","-","B0FNNG6JK5","6975472677064"
"Alderac Entertainment Group | Deep Dive Card Game in English for All Family | Strategic Competitive Game for 1-6 Players | a Press-Your-Luck Set-Collection Game","226275","17.99","3.09","B0C24JVCC1","0729220010315"
"MindWare Imagination Patterns - Creative, Magnetic Play with Patterned Shapes!","804293","65.57","3.53","B0845XKWWD","0192073991900, 0736970682105"
"Helvetiq | Frantic Antics | Party Card Game | Ages 8+ | 4-10 Players | 15+ Minutes Playing Time","","22.95","2.76","B0DLP9RYJC","7640139533524"
"Meccano Starter Set Scooter 42 Pieces","420195","13.13","2.69","B01BSFEMMW","0778988206508"
"Gabby’s Dollhouse, Games HQ Checkers Tic Tac Toe Memory Match Go Fish Bingo Cards Board Games Toy Gift Netflix Party Supplies, for Kids Ages 4 and up","50551","14.15","3.31","B0B1TVRXT5","0778988443361"
"DC Comics, Batman Adventures, Nightwing Action Figure with 15 Armour Accessories, 17 Points of Articulation, 30cm, Super Hero Kids’ Toy for Boys & Girls","333542","21.00","3.31","B0CCVYVCXR","0778988508541"
"McFarlane Toys, Disney Avatar, World of Pandora CET-OPS Crabsuit Avatar Movie Action Mega Figure with 22 Moving Parts, Disney Toys Collectible Figure with Collectors Stand, Ages 12+","120246","13.98","3.54","B0BJ5VV2Q7","0787926163193"
"Clementoni 35090, Friends Puzzle for Children and Adults - 500 Pieces, Ages 10 Years Plus Multi Coloured","309623","13.72","3.06","B08TC5335Q","8005125350902"
"Jada Transformers (TV) - 1.65"" Nano 18 Pack (Series 2)","366459","","2.98","B0CFFTNK4L","0801310337844"
"Bandai | Battle Spirits Saga: Expansion Set 01 (EX01) | Trading Card Game | Ages 9+ | 2 Players | 20-30 Minutes Playing Time","616104","9.99","1.76","B0C7VFG1X3","0810059780910"
"Bandai | Battle Spirits Saga: Bodies of Steel Starter Deck [ST06] | Trading Card Game | Ages 9+ | 1+ Players | 30+ Minutes Playing Time, Blue","409311","7.99","2.42","B0CM2H8Q2R","0810059782877"
"Sand Land 2024 English Tactical Card Battle Game TCG SL01 Booster Decks Sealed 1st Edition Box - 6 Decks","","34.39","3.09","B0D6BDQ69N","0810059786974"
"Exploding Kittens - My Parents Might be Martians - 2+ Players - Ages 4+ - 10 Minutes to Play - Teamwork and Guessing Game - Kid Friendly Card Game, Ideal for Family Night Fun, Parents and Kids","11073","8.99","2.74","B0C2QXJ9MH","0810083044323"
"Exploding Kittens - The Best Worst Ice Cream - 2-5 Players - Ages 4+ - 10 Minutes to Play - Ice Cream Matching Picture Game - Kid Friendly & Engaging Card Game for Family Night Fun","11216","5.20","2.74","B0C2RHM89V","0810083044330"
"Bandai | One Piece Card Game: Clear Card Case - Standard Red | Accessory | Ages 6+ | 2 Players | 20-30 Minutes Playing Time","164213","5.62","2.71","B0C3S2PXRD","0811039039950"
"Bandai | One Piece Card Game: Clear Card Case - Standard White | Accessory | Ages 6+ | 2 Players | 20-30 Minutes Playing Time","173139","6.48","2.67","B0C3RY35G6","0811039039967"
"Z-Man Games | Challengers! Beach Cup | Board Game | Ages 8+ | 1-8 Players | 45 Minutes Playing Time","220948","29.99","3.54","B0C6BQW7PS","0826956201502"
"The Story Of Civil Rights: Learn about the Civil Rights Movement! (DK Readers Level 3)","170794","19.99","3.10","B08F4CN92Z","0826956400509"
"Bandai Minix Stranger Things Will Model | Collectable Will Stranger Things Figure | Bandai Minix Stranger Things Merchandise Range | Stranger Things Figures Make Great Stranger Things Gifts","","13.99","2.71","B0BJ3XJMRW","8436605113883"
"BANDAI Minix Stranger Things Lucas Model | Collectable Figure Merchandise Range Figures Make Great Gifts, Blue,red, (MN14415)","","13.99","2.71","B0BJ371FB3","8436605114415"
"BendyFigs The Noble Collection Harry Potter Albus Dumbledore - 7.5in (19cm) Noble Toys HP Bendable Figure Posable Collectible Doll Figures With Stand Multicolor, NN7368","252812","11.90","2.70","B08LDXP5J2","0849421006822"
"GB eye Yuri on Ice Car 61 x 91.5cm Maxi Poster","1531608","","3.54","B07C8LBDPJ","0849421009441, 5028486405862"
"Minecraft Diamond Sword Collector Replica by The Noble Collection","","62.49","3.93","B0CKZJMFFD","0849421009441, 8435497270278"
"The Noble Collection Minecraft Illuminating Diamond Ore","35589","29.98","3.06","B0CJYL74H4","0849421009458"
"The Noble Collection Wicked: Glinda Training Wand","96125","13.99","3.01","B0D6HCXPPM","0849421010126"
"The Noble Collection Wicked: Cowardly Lion Cub Plush","191959","18.00","3.49","B0D6HD7VV2","0849421010171"
"The Noble Collection Wicked, Elphaba Journal","311910","29.50","2.72","B0DWN3JLZX","0849421010522"
"The Noble Collection Wicked, Glinda Journal","191124","32.45","2.72","B0DWN3JYXN","0849421010539"
"Jasco Games | My Hero Academia CCG: Wild Wild Pussycats Play Mat | Accessory","614697","29.66","3.06","B09VY85SFT","0850034738093"
"Jasco Games | My Hero Academia CCG: Eraser Head Play Mat | Accessory","717558","10.69","3.01","B09VY69ZH4","0850034738116, 0850034738109"
"Jasco Games | My Hero Academia CCG: Endeavor Play Mat | Accessory","255224","","3.06","B09VY71XX9","0850034738116, 0850034738109"
"Ultra Pro - Eclipse Pro 100+ Deck Box - Lemon Yellow","214636","8.37","2.67","B07JLZ7FYQ","0850034738208, 0074427856908"
"Jasco Games My Hero Academia Collectible Card Game All Might Vs. All for One Two Player Clash Decks | Trading Card Game for Adults and Teens | Ages 14+ | 2 Players | Avg. Playtime 45+ Mins | Made","222296","24.99","2.98","B0BLT4JDC7","0850034738208"
"Play-Doh Ultimate Color Collection 65-Pack of Assorted Modeling Compounds for Kids 3 Years and Up, Non-Toxic, Fun Size 28 g Cans","42195","20.00","3.54","B08F2QQGTP","5010994175412, 5010993821990, 0195166257648, 8809699514612"
"Mattel Spirit Untamed STABLE SWEETIES Playset","367731","28.64","3.49","B08J4GTC2X","0887961955361"
"Masters of the Universe Deluxe He-Man Power Attack Action Figure, 8.5-in Battle Character for Storytelling Play, Gift for Fans 4 Years and Older","405692","11.99","2.71","B09B2MDLL9","0887961991888"
"Funko POP! Golf: Tiger Woods - (Red Shirt) - Collectable Vinyl Figure - Gift Idea - Official Merchandise - Toys for Kids & Adults - Sports Fans - Model Figure for Collectors and Display","71088","13.15","2.74","B07SM8BSVG","0889698447157"
"Funko POP! Animation Naruto Uzumaki Six Path Sage - Collectable Vinyl Figure - Gift Idea - Official Merchandise - Toys for Kids & Adults - Anime Fans - Model Figure for Collectors and Display","29573","11.49","2.74","B087N4FCQF","4251680568663, 0889698498012"
"Funko Fairy Tail 6355 ""POP! Vinyl Lucy Figure","472519","","2.70","B0198KU6H4","0045473387746, 0609015818626, 0745559257818, 0745559267534, 0792158237901, 0849803063559, 0889698129978, 0889698498012, 4516790299570, 7455592364109, 7455592364116, 8850292505668"
"Funko POP! Animation: MHA - Mirio Togata - Lemillion - Le Million - My Hero Academia - Collectable Vinyl Figure - Gift Idea - Official Merchandise - Toys for Kids & Adults - Anime Fans","27338","","2.74","B08T5RLXVL","0889698519021"
"Funko POP! Animation: MHA - Sir Nighteye - My Hero Academia - Collectable Vinyl Figure - Gift Idea - Official Merchandise - Toys for Kids & Adults - Anime Fans - Model Figure for Collectors","27456","10.45","2.71","B08T69LX1G","0889698519311"
"Funko Pop! Marvel: - Dr Strange - Doctor Strange - 1/6 Odds for Rare Chase Variant - Gift Idea - Official Merchandise - Toys for Kids & Adults - Model Figure for Collectors and Display","84948","14.99","2.74","B09DL9VH46","0889698609173"
"Funko POP! Movies: DC - Black Adam - Sabbac - Collectable Vinyl Figure - Gift Idea - Official Merchandise - Toys for Kids & Adults - Movies Fans - Model Figure for Collectors and Display","113116","8.29","2.74","B09Q94ZV5B","0889698641944"
"Funko POP! TV: HotD - Ser Otto Hightower Hightower - House Of the Dragon - Collectable Vinyl Figure - Gift Idea - Official Merchandise - Toys for Kids & Adults - TV Fans - Model Figure for Collectors","171980","7.99","2.70","B09V85CZ8S","0889698656108"
"Funko Pop! Movies: Harry Potter Chamber Of Secrets 20th - Dobby - Amazon Exclusive - Collectable Vinyl Figure - Gift Idea - Official Merchandise - Toys for Kids & Adults - Movies Fans","98805","12.87","2.67","B09YDGZWN3","0889698656504"
"Funko POP! Super: AoT - War Hammer Titan - Attack on Titan - Collectable Vinyl Figure - Gift Idea - Official Merchandise - Toys for Kids & Adults - Anime Fans - Model Figure for Collectors","47331","17.99","3.26","B0BNK79D83","0889698679336, 0889698688604"
"Funko POP! Star Wars: BoBF - Black Krrsantan With BG - Star Wars: the Book Of Boba Fett - Collectable Vinyl Figure - Gift Idea - Official Merchandise - Toys for Kids & Adults - TV Fans","192073","14.34","2.70","B0B4YPRSX8","0889698686518"
"Funko POP! Star Wars: BoBF - Luke Skywalker - Training - Star Wars: the Book Of Boba Fett - Collectable Vinyl Figure - Gift Idea - Official Merchandise - Toys for Kids & Adults - TV Fans","141741","9.89","2.67","B0B4YL33F9","0889698686525"
"Funko Pop! Rocks: Whitney Houston (Diamond Glitter Special Edition) 3-Pack","121030","16.73","3.05","B0C2J2FKNY","0889698689595"
"Funko POP! Games: Pokemon - Scorbunny - Collectable Vinyl Figure - Gift Idea - Official Merchandise - Toys for Kids & Adults - Video Games Fans - Model Figure for Collectors and Display","38679","10.99","2.74","B0B12RBCWQ","0889698690812"
"Funko Pop! Movies: Shazam 2- 1/6 Odds for Rare Chase Variant - Glow In the Dark - Collectable Vinyl Figure - Gift Idea - Official Merchandise - Toys for Kids & Adults - Movies Fans","150825","12.98","2.74","B0B12QRW68","0889698691208"
"FUNKO GAMES Cranium Hoopla Game","182009","13.60","2.69","B0BGMHL7R2","0889698692502"
"Funko Games Cranium Big Brain Game - Light Strategy Board Game For Children & Adults (Ages 10+) - 2-4 Players - Collectable Vinyl Figure - Gift Idea","181564","15.12","3.31","B0BGMGMSFZ","0889698692526"
"Funko Pop! Marvel: Loki - Loki - Collectable Vinyl Figure - Gift Idea - Official Merchandise - Toys for Kids & Adults - TV Fans - Model Figure for Collectors and Display","38682","9.47","2.67","B0C4RWLTKY","0889698721691"
"Funko POP! Football: Barcelona FC - Gavi - Collectable Vinyl Figure - Gift Idea - Official Merchandise - Toys For Kids & Adults - Model Figure for Collectors and Display","90060","13.00","2.67","B0CDJDJQ1B","0889698722353"
"Funko POP! Football: Barcelona FC - Pedri - Collectable Vinyl Figure - Gift Idea - Official Merchandise - Toys For Kids & Adults - Model Figure for Collectors and Display","32058","16.99","2.71","B0CDJKB1X2","0889698722377"
"Funko POP! Games: Diablo 4- Druid - Collectable Vinyl Figure - Gift Idea - Official Merchandise - Toys for Kids & Adults - Video Games Fans - Model Figure for Collectors and Display","191905","9.83","2.74","B0BT42F3ZC","0889698724944"
"Funko POP! Ride Super Deluxe: Formula 1 - Max Verstappen - Red Bull F1 - Collectable Vinyl Figure - Gift Idea - Official Merchandise - Toys for Kids & Adults - Sports Fans","26262","20.69","3.53","B0BT3RKSK3","0889698726177"
"Funko POP! Animation: Demon Slayer - Daki - Collectable Vinyl Figure - Gift Idea - Official Merchandise - Toys for Kids & Adults - Anime Fans - Model Figure for Collectors and Display","117549","","2.74","B0CDJ9RNGG","0889698755719"
"Funko POP! Animation: Demon Slayer - Inosuke Hashibira - (Kimono) - Collectable Vinyl Figure - Gift Idea - Official Merchandise - Toys for Kids & Adults - Anime Fans - Model Figure for Collectors","50044","9.80","2.74","B0CDK1ZFZP","0889698755726"
"Funko POP! Animation: Demon Slayer - Tanjiro Kamado - (Kimono) - Collectable Vinyl Figure - Gift Idea - Official Merchandise - Toys for Kids & Adults - Anime Fans - Model Figure for Collectors","57542","8.49","2.71","B0CDJN5F1X","0889698755733"
"Funko POP! Super: One Piece S8 - Kaido Man Beast Form - Collectable Vinyl Figure - Gift Idea - Official Merchandise - Toys for Kids & Adults - Anime Fans - Model Figure for Collectors and Display","40688","14.99","3.31","B0CDK38Y69","0889698755801"
"Funko POP! Animation: Yu-Gi-Oh! - Chazz Princeton - Collectable Vinyl Figure - Gift Idea - Official Merchandise - Toys for Kids & Adults - Anime Fans - Model Figure for Collectors and Display","199546","12.78","2.74","B0CDJLTZFS","0889698756020, 0889698756044"
"Funko POP! Animation: Yu-Gi-Oh! - EH Elemental Hero Burstinatrix - Collectable Vinyl Figure - Gift Idea - Official Merchandise - Toys for Kids & Adults - Anime Fans - Model Figure for Collectors","155862","10.44","2.70","B0CDK3N36N","0889698765299, 0889698756044"
"Funko Pop! TV: Ted Lasso - Ted Lasso - Collectable Vinyl Figure - Gift Idea - Official Merchandise - Toys for Kids & Adults - TV Fans - Model Figure for Collectors and Display","82350","17.99","2.67","B0CNCYNLBZ","0889698757188, 8088969875718"
"Funko POP! Movies: the Wizard Of Oz - Cowardly Lion - 1/6 Odds for Rare Chase Variant - Flocked - Collectable Vinyl Figure - Gift Idea - Official Merchandise - Toys for Kids & Adults - Movies Fans","40138","9.59","2.67","B0CDJSSSJ7","0889698759731"
"Funko Retro Darth Maul Pop! Vinyl Bobblehead Limited Edition Exclusive","491923","93.64","3.00","B0CZXRPSKJ","0889698760157, 0889698779531"
"Funko POP! Star Wars: Episode 1 The Phantom Menace Anniversary - Anakin Skywalker With Helmet - Collectable Vinyl Figure - Gift Idea - Official Merchandise - Toys for Kids & Adults - Movies Fans","97681","11.62","2.74","B0CGGS5R25","0889698760157, 0889698499316"
"Funko POP! Star Wars: Episode 1 The Phantom Menace Anniversary - Watto - Collectable Vinyl Figure - Gift Idea - Official Merchandise - Toys for Kids & Adults - Movies Fans","154220","12.99","2.67","B0CGGLY17X","0889698760218"
"Funko POP! Jumbo: Hello Kitty 50th Anniversay - Hello Kitty - Collectable Vinyl Figure - Gift Idea - Official Merchandise - Toys For Kids & Adults - Model Figure for Collectors and Display","106275","35.99","3.61","B0CCBTYGYF","0889698760881, 0889698791960"
"Funko Pop! Retro Toys: Transformers G1- Laserbeak - 1/6 Odds for Rare Chase Variant - Transformers Classic - Collectable Vinyl Figure - Gift Idea - Official Merchandise - Toys for Kids & Adults","182453","19.54","3.00","B0CLFHHQRW","0889698809856, 0889698760881"
"Funko POP! Animation: Yu-Gi-Oh! - Ojama Yellow - Collectable Vinyl Figure - Gift Idea - Official Merchandise - Toys for Kids & Adults - Anime Fans - Model Figure for Collectors and Display","200059","9.99","2.67","B0CDJ9LB3Z","0889698765299, 0889698767224"
"Funko POP! Games: Diablo 4- Treasure Goblin - Collectable Vinyl Figure - Gift Idea - Official Merchandise - Toys for Kids & Adults - Video Games Fans - Model Figure for Collectors and Display","150580","9.45","2.71","B07YFVWYXG","0889698765329"
"Funko POP! Keychain: Star Wars: Ashoka - Morgan Elsbeth - Collectable Vinyl Mini Figure Novelty Keyring - Stocking Filler - Gift Idea - Official Merchandise - TV Fans - Minifigure","357684","","2.65","B0C6YT13V4","0889698765381"
"Funko POP! Star Wars: Skeleton Crew - KB - Collectable Vinyl Figure - Official Merchandise - Toys for Kids & Adults - Star Wars Fans - Model Figure for Collectors","204568","11.95","2.74","B0CCC45VGR","0889698767323"
"Pop! Russell with Sash 1472 Special Edition","724705","18.98","2.67","B0D8JJZJDR","0889698791588"
"Funko Pop! TV: Wednesday - Pugsley - Collectable Vinyl Figure - Gift Idea - Official Merchandise - Toys for Kids & Adults - TV Fans - Model Figure for Collectors and Display","87411","","2.70","B0DSWJF579","0889698797443"
"Funko Pop! Star Wars: Acolyte - Osha Aniseya - Collectable Vinyl Figure - Gift Idea - Official Merchandise - Toys for Kids & Adults - TV Fans - Model Figure for Collectors and Display","176661","6.95","2.67","B0CNGGTYSN","0889698797559"
"Funko POP! Movies: Wallace & Gromit - Norbot - Collectable Vinyl Figure - Gift Idea - Official Merchandise - Toys for Kids & Adults - Movies Fans - Model Figure for Collectors and Display","61065","16.20","2.71","B0CYCC4MNX","0889698797832"
"Funko Pop! Movies: Home Alone 2- Harry Lime - Collectable Vinyl Figure - Gift Idea - Official Merchandise - Toys for Kids & Adults - Holiday Fans - Model Figure for Collectors and Display","45841","9.10","2.71","B0D8RM9RF6","0889698800396"
"Funko Pop! Movies: Home Alone 2- Marv Merchants - Collectable Vinyl Figure - Gift Idea - Official Merchandise - Toys for Kids & Adults - Holiday Fans - Model Figure for Collectors and Display","49905","12.40","3.05","B0DCKF6VCX","0889698800419"
"Funko Pop! Animation: Naruto - Shisui Uchiha - Naruto Shippuden - Collectable Vinyl Figure - Gift Idea - Official Merchandise - Toys for Kids & Adults - Anime Fans - Model Figure for Collectors","114921","","2.67","B0CLFNXVYL","0889698802536"
"Funko Pop! Icons: Bruce Lee - Vinyl Collectible Figure - Gift Idea - Official Merchandise - Toy for Children and Adults - Movies Fans - Model Figure for Collectors and Display","69048","11.00","2.70","B0D19KKMML","0889698810661"
"Funko Pop! Plush: HTTYD – Light Fury - () - How to Train Your Dragon - Collectable Soft Toy - Birthday Gift Idea - Official Merchandise - Stuffed Plushie for Kids and Adults - Ideal for Movies Fans","158713","12.45","3.31","B0CND4T4YZ","0889698811828"
"Funko Pop! Animation: Dc SSI - The Joker Chase - Suicide Squad Isekai - Vinyl Collectible Figure - Gift Idea - Official Merchandise - Toy for Children and Adults - Anime Fans","160403","","2.74","B0D426H21T","0889698841337"
"Funko Pop! Movies: Species – Sil - Collectable Vinyl Figure - Gift Idea - Official Merchandise - Toys for Kids & Adults - Horror Fans - Model Figure for Collectors and Display","241902","13.99","2.74","B0DSWG4HTY","0889698862516"
"Funko Pop! Movies: Love Actually - Andrew Lincoln - Mark - Collectable Vinyl Figure - Gift Idea - Official Merchandise - Toys for Kids & Adults - Drama Fans - Model Figure for Collectors and Display","73177","13.00","2.70","B0DYJXFRGR","0889698862622"
"Funko POP! TV: South Park - Wendy Testaburger - Collectable Vinyl Figure - Gift Idea - Official Merchandise - Toys For Kids & Adults - Model Figure for Collectors and Display","81340","13.00","2.74","B0DYJYNS8P","0889698863087"
"Funko Pop! Premium: WWE - Damian Preist Priest MITB - Collectable Vinyl Figure - Gift Idea - Official Merchandise - Toys for Kids & Adults - Sports Fans - Model Figure for Collectors and Display","107351","22.00","3.09","B0DP7BFTVX","0889698863919"
"Funko Pop! TV: Ugly Betty - Betty Suarez - Collectable Vinyl Figure - Gift Idea - Official Merchandise - Toys for Kids & Adults - TV Fans - Model Figure for Collectors and Display","214377","12.99","2.71","B0DSWFVWL3","0889698866330"
"Funko Pop! Disney: Zootopia 2 - Judy Hopps - Collectable Vinyl Figure - Official Merchandise - Toys for Kids & Adults - Cartoon/Animation Fans - Model Figure for Collectors and Display","49432","13.00","2.71","B0DYJZ7W5J","0889698866347"
"Funko Pop! Disney: Zootopia 2 - Nick Wilde - Collectable Vinyl Figure - Official Merchandise - Toys for Kids & Adults - Cartoon/Animation Fans - Model Figure for Collectors and Display","9077","13.00","2.71","B0DYJXFQKD","0889698866354"
"Funko Pop! Disney: Zootopia 2 - Nibbles Maplestick - Collectable Vinyl Figure - Official Merchandise - Toys for Kids & Adults - Cartoon/Animation Fans - Model Figure for Collectors and Display","48775","13.00","2.70","B0DYJX8C3G","0889698866361"
"Funko POP! Television: A Knight of the Seven Kingdoms - Dunk - 1 in 6 chance of receiving the rare Chase variant - Styles Vary - Collectable Vinyl Figure - Gift Idea - Official Merchandise","16234","13.00","2.71","B0DYK1DFB4","0889698866699"
"Funko POP! Movies: Wicked For Good - Glinda in Blue Gown - Collectable Vinyl Figure - Gift Idea - Official Merchandise - Toys for Kids & Adults - Model Figure for Collectors and Display","6389","12.08","2.74","B0DSWG6SMS","0889698866712"
"Funko POP! Movies: Wicked For Good - Elphaba - Collectable Vinyl Figure - Gift Idea - Official Merchandise - Toys For Kids & Adults - Model Figure for Collectors and Display","3737","10.05","2.74","B0DSWGJJ2H","0889698866729"
"Funko POP! Movies: Wicked: For Good - Scarecrow - Wicked - Collectable Vinyl Figure - Gift Idea - Official Merchandise - Toys For Kids & Adults - Movies Fans - Model Figure for Collectors and Display","5936","4.99","2.74","B0DSWFXLQV","0889698866736"
"Funko POP! Movies: Wicked: For Good - Dorothy Gale - Wicked - Collectable Vinyl Figure - Gift Idea - Official Merchandise - Toys For Kids & Adults - Movies Fans - Model Figure for Collectors","27242","","2.71","B0DSWHMB5G","0889698866743"
"Funko Pop! TV: Wednesday - Wednesday - Collectable Vinyl Figure - Gift Idea - Official Merchandise - Toys for Kids & Adults - TV Fans - Model Figure for Collectors and Display","9217","8.19","2.71","B0DSWFBQ73","0889698866798"
"Funko Pop! Disney: Phineas and Ferb - Phineas - Collectable Vinyl Figure - Gift Idea - Official Merchandise - Toys for Kids & Adults - Anime Fans - Model Figure for Collectors and Display","118444","19.11","2.67","B0DSWFYFBF","0889698866934"
"Funko Pop! Comic Cover: Amazing Spider-Man Vol 1 19 - Marvel Comics - Collectable Vinyl Figure - Gift Idea - Official Merchandise - Toys for Kids & Adults - Cartoons Fans - Model Figure for Collectors","157628","16.90","3.10","B0DP76F1T2","0889698871747"
"Funko POP! Plus: Sonic The Hedgehog - Sonic - Pearlescent - Collectable Vinyl Figure - Gift Idea - Official Merchandise - Toys For Kids & Adults - Model Figure for Collectors and Display","35734","11.95","2.67","B0DYJXVDSM","0889698872287"
"Funko Bitty POP! 4 Pack: My Little Pony - Rainbow Dash - Collectable Vinyl Figure - Gift Idea - Official Merchandise - Toys For Kids & Adults - Model Figure for Collectors and Display","23977","","2.76","B08HH6CWZR","0889698925013, 6466008197793"
"Playgro Toy, Stackable Bath Toy, 4 Pieces, Baby Toy, From 9 months, BPA free, Colourful, 40217","29389","6.99","2.70","B0819S7B6G","9321104872531, 0093211048725"